feature,gain,perm,shap,score,fold
MaxAbsEStateIndex,7553.802145719528,0.002005486567932896,0.005322024268571073,0.7741944377880184,0
MinAbsEStateIndex,11060.904165744781,0.0007145944815580452,0.003018462875114274,0.6382498156682028,0
MinEStateIndex,6883.121367931366,0.00045947696789534477,0.0028249468332676815,0.5668211474654379,0
qed,11097.70759177208,0.002939136997961417,0.006926046685529715,0.8110608801843319,0
SPS,4520.047534704208,0.0011956805700524876,0.003244893445449034,0.6889408387096774,0
MolWt,3750.158470392227,0.0005805906650928838,0.0024505542196123636,0.5691251382488479,0
HeavyAtomMolWt,1418.875717163086,6.83063102538184e-05,0.000951347873009448,0.33410194009216587,0
ExactMolWt,10.907099723815918,1.0541105409783701e-05,4.356997088913778e-05,0.158986267281106,0
NumValenceElectrons,432.9082088470459,0.0005014696328215551,0.0013601208565241136,0.48847964055299536,0
MaxPartialCharge,10363.973081111908,0.00371067864318258,0.013470305409501244,0.8732728433179724,0
MinPartialCharge,8038.471746206284,0.0019566316218782185,0.007491908384005609,0.7949317834101383,0
MaxAbsPartialCharge,6669.573589324951,0.017964511474617438,0.03656692388896885,0.956222059907834,0
MinAbsPartialCharge,3869.5980281829834,0.0017909510561970043,0.010190863218492397,0.8133647880184331,0
FpDensityMorgan1,3356.5074796676636,0.0002882761664593558,0.001367253120779737,0.4354845529953917,0
FpDensityMorgan2,3569.422675848007,0.00042281349532760637,0.002650280071365771,0.5460836543778802,0
FpDensityMorgan3,5101.993491649628,0.0006041035055087852,0.0033093573129701925,0.6221205944700461,0
BCUT2D_MWHI,9446.58792424202,0.005782267295300491,0.014103898530516369,0.8894018617511521,0
BCUT2D_MWLOW,10699.229428768158,0.01144484877912183,0.025128135733426284,0.9262682396313364,0
BCUT2D_CHGHI,7324.763504266739,0.0018957372936641848,0.006753051444776556,0.7764985760368663,0
BCUT2D_CHGLO,8689.720628499985,0.003344757950689464,0.008717744651702051,0.8479271889400921,0
BCUT2D_LOGPHI,7459.423921108246,0.0010578506140931365,0.0042432434609886134,0.6912451244239631,0
BCUT2D_LOGPLOW,10964.234513759613,0.0039545104616304115,0.011210342457740306,0.8709687050691244,0
BCUT2D_MRHI,24776.10374236107,0.09996795855179474,0.1135572363359432,0.9861761105990783,0
BCUT2D_MRLOW,11260.05769944191,0.0066744051097149424,0.01611123957101441,0.905530930875576,0
AvgIpc,8844.93951511383,0.004021178612265403,0.010488797652945227,0.8709686728110599,0
BalabanJ,7940.877901554108,0.0015212939508624291,0.0050693386813555254,0.7396322396313364,0
BertzCT,16529.51363158226,0.03097562929186984,0.0747383046491356,0.9723512211981566,0
Chi0,1834.2768664360046,-8.216232647073051e-05,0.0008442908628991714,0.17511581566820275,0
Chi0n,4589.688632488251,-3.433983161069687e-05,0.0013285839364110793,0.21659061290322582,0
Chi1,5535.866090774536,0.0006308123856268222,0.009576206180432981,0.730415534562212,0
Chi1n,4742.908169269562,0.00016677309552221576,0.0016270123111247932,0.43318048387096775,0
Chi2n,5100.625863790512,0.00046902808911133964,0.0018190293469025677,0.5138256589861752,0
Chi3n,4312.095828533173,0.00019327792142690426,0.0016684582020798282,0.43778875576036863,0
Chi4n,5092.707359790802,0.000631078923187034,0.0018532040146976843,0.557604456221198,0
HallKierAlpha,6827.11331653595,0.03689687507098132,0.057323020936545906,0.9700469493087557,0
Ipc,6182.0181086063385,0.0011250409986392207,0.00685229177883002,0.744240460829493,0
Kappa1,2932.933943271637,0.0006004364984733501,0.002656500299870472,0.5875582672811059,0
Kappa2,3780.75035238266,0.0018514963293043418,0.005229118414649259,0.7580652396313364,0
Kappa3,6386.3488602638245,0.002317933966910246,0.008925631548882412,0.8317980737327189,0
LabuteASA,3429.9962134361267,-5.283499085637078e-05,0.001675221147426921,0.23502373732718895,0
PEOE_VSA1,3392.250597715378,7.289757852445011e-05,0.0019756158442887813,0.41705137788018437,0
PEOE_VSA10,6178.13619017601,0.0011730108137194494,0.00497000380479014,0.723503129032258,0
PEOE_VSA11,3832.7745213508606,0.0011289834436734036,0.004733689070335015,0.7096781474654378,0
PEOE_VSA12,2456.0261690616608,0.0004833396468284401,0.0016962592261388818,0.5138255299539171,0
PEOE_VSA13,1466.630358695984,8.136920102104206e-05,0.002088119868754958,0.4239637050691244,0
PEOE_VSA14,3594.8787569999695,0.0059980124670146965,0.016298579364024422,0.9055306635944701,0
PEOE_VSA2,4590.858755111694,0.0029741311647473235,0.009626394597236632,0.8502311705069124,0
PEOE_VSA3,1587.3823795318604,0.0004176351156136682,0.0014895627258778533,0.47004666359447,0
PEOE_VSA4,1047.717604637146,0.0001442474316623199,0.0021525693096445648,0.46082999539170505,0
PEOE_VSA5,1078.202199935913,0.0005387287328495804,0.002147605945545891,0.5483876036866359,0
PEOE_VSA6,3420.741187095642,0.00143132848821797,0.008805853583204517,0.7926274193548387,0
PEOE_VSA7,4933.995285987854,0.00182170416962803,0.008529272743575407,0.7995399354838709,0
PEOE_VSA8,6643.671080112457,0.0006373893080292015,0.004926135241972856,0.6705077649769585,0
PEOE_VSA9,8320.345331907272,0.0017150091509603282,0.004781627284027936,0.7350239539170507,0
SMR_VSA1,1826.6206798553467,5.416955054103334e-05,0.0016008768558872827,0.36866419815668205,0
SMR_VSA10,5644.683470487595,0.016508206762656526,0.029381735009863786,0.9470054055299538,0
SMR_VSA2,951.4655549526215,0.001188522245355056,0.0046897451444074265,0.7119820506912442,0
SMR_VSA3,3308.016011238098,0.005459512800566673,0.018291139345343623,0.9032264792626729,0
SMR_VSA4,1757.0697569847107,0.000506765782114843,0.0031325596472041883,0.6013830783410138,0
SMR_VSA5,5901.061543226242,0.002092987647983191,0.007627781119060919,0.8064524239631335,0
SMR_VSA6,2885.7044265270233,0.0005648575484441809,0.00396350865912335,0.6267287695852534,0
SMR_VSA7,3514.787517309189,0.005295861200926516,0.015351310524501623,0.8917057695852534,0
SMR_VSA9,834.3132181167603,0.00014095218393226917,0.0005068481602258646,0.34562258525345624,0
SlogP_VSA1,1998.7360591888428,0.000921000337309169,0.006464949064197116,0.7211987788018432,0
SlogP_VSA10,502.80494952201843,6.866712521585438e-05,0.001013172437833983,0.33871008755760373,0
SlogP_VSA11,302.7681007385254,5.009181117340278e-05,0.00035012202084872137,0.26728143778801844,0
SlogP_VSA2,8527.983087062836,0.008103514629362813,0.026007598622200385,0.926268198156682,0
SlogP_VSA3,1402.1249241828918,0.0003697227386107338,0.00293479447740811,0.5506917926267281,0
SlogP_VSA4,2356.048456430435,0.00023194981434375704,0.0009486086075851096,0.396314,0
SlogP_VSA5,3319.487795829773,0.003111908671019642,0.013422015197454333,0.8640559769585253,0
SlogP_VSA6,4352.246596574783,0.013508155532251593,0.03309652370024662,0.9493094976958525,0
SlogP_VSA8,92.33673930168152,0.00016111956460672648,0.0005718006862147444,0.3640554838709677,0
TPSA,6166.92892074585,0.0028075097366044243,0.01027214948648001,0.8479270875576037,0
EState_VSA1,1771.5777390003204,7.230528994473518e-05,0.000458745809249776,0.3018439124423963,0
EState_VSA10,282.6451392173767,-1.0982762005951052e-07,0.0006614988922860601,0.2073735852534562,0
EState_VSA2,6061.771813154221,0.000620991393041992,0.0033489824042714717,0.6336413686635944,0
EState_VSA3,6455.72846865654,0.00022178657535941725,0.002739777582301278,0.5092174331797235,0
EState_VSA4,5602.576670408249,0.0002987856033985381,0.002531993156409696,0.5161298248847926,0
EState_VSA5,2730.777581214905,0.0002766497732722195,0.0012543064420734715,0.42626793548387093,0
EState_VSA6,2250.924109697342,0.00012890245350034025,0.0018440359772683064,0.4331803548387097,0
EState_VSA7,1695.6869769096375,0.0002977595669667266,0.0011583653452064682,0.42626786635944697,0
EState_VSA8,5655.256277561188,0.0007443211053099697,0.007546329525258261,0.7304155483870968,0
EState_VSA9,3220.44885969162,1.852465329559294e-05,0.0017410151225464676,0.3548393778801843,0
VSA_EState1,3766.536755800247,0.0006794372236127333,0.0019250787599159724,0.5691251428571429,0
VSA_EState2,9619.753620624542,0.023648659016360866,0.05394602287626052,0.9631345852534563,0
VSA_EState3,5829.205551147461,0.000933389241932625,0.004298683886056598,0.684332603686636,0
VSA_EState4,6482.3208174705505,0.0024419416428803687,0.008112199173104186,0.8225814930875576,0
VSA_EState5,7586.216765880585,0.0019746858705307624,0.005209610541255299,0.7649778525345622,0
VSA_EState6,6319.809152364731,0.0019326332188291996,0.0048631025056373005,0.7511529078341014,0
VSA_EState7,8751.034304141998,0.0006118926065303842,0.0035937921882968596,0.6336414792626728,0
VSA_EState8,6654.969537258148,0.0006177812471253985,0.0027706241462471786,0.6036874930875575,0
VSA_EState9,2384.723679304123,0.0013201598963149652,0.005249751144521803,0.7396319769585254,0
FractionCSP3,12316.296902656555,0.10075927969723905,0.1345821114342872,0.9907843917050692,0
HeavyAtomCount,0.0,0.0,0.0,0.08525350000000001,0
NHOHCount,437.4773075580597,6.97287345965969e-06,0.0003911463712735305,0.2350234239631336,0
NOCount,107.04093980789185,5.2886985969446965e-05,0.00026279612092391897,0.2603688571428571,0
NumAliphaticCarbocycles,1041.053032875061,0.0010687357084757543,0.0033380870990335184,0.6820281474654377,0
NumAliphaticHeterocycles,1160.141095161438,0.000717906227822418,0.0063984680675050485,0.7050696451612902,0
NumAliphaticRings,362.7628812789917,0.0001281783684779658,0.0010381486728272063,0.37327224884792626,0
NumAmideBonds,2127.3445887565613,0.01192841547585997,0.02319055463497944,0.9285720552995392,0
NumAromaticCarbocycles,0.0,0.0,0.0,0.08525350000000001,0
NumAromaticHeterocycles,112.52739095687866,0.00010788404977644661,0.0007363753047685957,0.347926465437788,0
NumAromaticRings,158.7332625389099,0.0002288501577733304,0.0024709614192889987,0.4907836497695853,0
NumAtomStereoCenters,1189.2946736812592,0.00039046564569488184,0.002434957000010701,0.5184337050691243,0
NumBridgeheadAtoms,1005.7726712226868,0.0007572984379508651,0.002191799338613648,0.5990788341013825,0
NumHAcceptors,1255.2574994564056,0.0016866787305935382,0.008634377456184185,0.7926272580645162,0
NumHDonors,244.73485946655273,-3.251810749292372e-05,0.00017864069703916555,0.11290352534562212,0
NumHeteroatoms,49.48899984359741,-1.7565540439090644e-05,9.118878271330061e-05,0.09677433179723502,0
NumHeterocycles,694.7334990501404,0.0005506502711943029,0.004386532732750853,0.6313368387096775,0
NumRotatableBonds,1315.0977592468262,0.0006917047750275018,0.0024902783457495022,0.6036871797235023,0
NumSaturatedCarbocycles,796.8942484855652,0.002176959112074739,0.00704598008749544,0.7995396175115208,0
NumSaturatedHeterocycles,825.4790592193604,0.000854108996839581,0.003037795025493872,0.652074193548387,0
NumSaturatedRings,794.745059967041,0.002222178664432978,0.006981462499649897,0.7995396129032257,0
NumSpiroAtoms,302.0835976600647,9.3762810959247e-05,0.00047506597025418255,0.31797267741935487,0
Phi,1967.8948369026184,0.0006671204031080847,0.00237436577195447,0.5852540737327189,0
RingCount,0.0,0.0,0.0,0.08525350000000001,0
MolLogP,7906.738725185394,0.008763568688628593,0.025735040558491015,0.9262681797235023,0
MolMR,5417.335719347,0.00011687640890897243,0.002695410041716567,0.4746551612903226,0
fr_Al_COO,139.245210647583,1.871691751308413e-05,0.0001702246309706048,0.21659008294930876,0
fr_Al_OH,121.78427982330322,1.1832026433156173e-05,0.0001607082231054197,0.20046103686635944,0
fr_Al_OH_noTert,269.1721305847168,7.271560520689668e-05,0.0004440720640455451,0.3041477741935484,0
fr_ArN,34.82592034339905,-5.133649264132956e-07,3.2473296701526594e-05,0.08755772350230416,0
fr_Ar_COO,0.0,0.0,0.0,0.08525350000000001,0
fr_Ar_N,460.37973260879517,0.0004588234810981584,0.0030994227983087747,0.5783414147465438,0
fr_Ar_NH,331.9403233528137,0.00045366019629789476,0.0029134665010800286,0.5645164746543778,0
fr_Ar_OH,43.79691028594971,4.824124725077983e-06,3.16845237448092e-05,0.1474655668202765,0
fr_COO,0.0,0.0,0.0,0.08525350000000001,0
fr_C_O,25.45909023284912,-2.936890560967242e-07,3.048475179267344e-06,0.08294941935483871,0
fr_HOCCN,48.798280239105225,1.3239209372867266e-05,7.107415944193561e-05,0.1751153410138249,0
fr_Imine,236.49716901779175,9.806895758519008e-05,0.0003753848534500208,0.3087560460829493,0
fr_NH0,939.0281913280487,0.0004791048164747458,0.002478410028226191,0.5553000138248848,0
fr_NH1,388.0885479450226,7.234342052293009e-05,0.0009436612140743489,0.33410175115207374,0
fr_NH2,92.73450899124146,2.308926869393213e-06,0.00013677817567470433,0.17281124884792626,0
fr_Ndealkylation1,342.7443518638611,0.0005233665626564965,0.0016921701465837226,0.5184335345622119,0
fr_Ndealkylation2,420.5670394897461,0.0003648352008168543,0.002918125235518594,0.5460833225806452,0
fr_aldehyde,9716.65157175064,0.06566322157077902,0.07985423338835732,0.9815677695852534,0
fr_alkyl_carbamate,4.4227399826049805,-6.891346253090625e-08,4.060380853704643e-07,0.08525354377880183,0
fr_alkyl_halide,0.0,0.0,0.0,0.08525350000000001,0
fr_allylic_oxid,55.989540100097656,-1.0450754467522528e-05,4.477236781277272e-05,0.08525361290322579,0
fr_amidine,369.5473597049713,0.0004071952083224306,0.0009483614268857343,0.4285717926267281,0
fr_aniline,59.641448974609375,0.00011430488053894017,0.0003669604880823795,0.3087559262672811,0
fr_aryl_methyl,129.52696990966797,2.075624820037647e-05,0.000204033918793209,0.22811081566820277,0
fr_benzene,0.0,0.0,0.0,0.08525350000000001,0
fr_bicyclic,1905.2531206607819,0.0029164362745285055,0.006654817326167891,0.8018439308755761,0
fr_epoxide,1480.676600933075,0.00755499597710404,0.015384256381531783,0.905530529953917,0
fr_ester,251.62305974960327,0.0008644225589902355,0.0015320946223688187,0.5576039907834102,0
fr_ether,85.00260972976685,2.5929623450715587e-06,0.00015201989153853905,0.17972368202764977,0
fr_furan,238.46595931053162,3.378381828648691e-05,0.00033858220638406373,0.2557606589861751,0
fr_guanido,0.0,0.0,0.0,0.08525350000000001,0
fr_halogen,0.0,0.0,0.0,0.08525350000000001,0
fr_imidazole,117.78732943534851,2.9528825268521076e-06,0.00015489307026599582,0.184332,0
fr_imide,320.85870003700256,3.248483325702378e-05,0.0001182123380340536,0.21198190783410137,0
fr_ketone,9265.186566829681,0.04480425898771857,0.07158101176945836,0.9746553133640553,0
fr_ketone_Topliss,128.34061908721924,9.721103999842385e-05,0.0004992156725462387,0.3225808571428571,0
fr_lactam,244.5618405342102,0.0006784274508692789,0.0015389666333485731,0.5368666543778803,0
fr_lactone,58.02070951461792,-6.502891943444e-06,8.535897171863906e-05,0.10368679723502305,0
fr_methoxy,140.74969100952148,6.117155046536649e-06,0.00022031452406715956,0.2096776451612903,0
fr_morpholine,209.03974032402039,0.000338330794410574,0.001117196514474311,0.4262675529953917,0
fr_nitrile,144.72970914840698,0.00011973875292610181,0.00033852383342142597,0.30645184331797237,0
fr_nitro,0.0,0.0,0.0,0.08525350000000001,0
fr_nitro_arom,0.0,0.0,0.0,0.08525350000000001,0
fr_oxazole,220.0876007080078,0.0001411496885570851,0.000543435594693734,0.3502306958525346,0
fr_oxime,24.748950004577637,1.9143505957641692e-05,6.950885348986816e-05,0.18663605069124423,0
fr_para_hydroxylation,0.0,0.0,0.0,0.08525350000000001,0
fr_phenol,0.0,0.0,0.0,0.08525350000000001,0
fr_phenol_noOrthoHbond,0.0,0.0,0.0,0.08525350000000001,0
fr_piperdine,314.1134307384491,0.00013378935528857717,0.0006249327189095195,0.3571431935483871,0
fr_piperzine,284.04755997657776,0.0006990476004794411,0.0017860365115062306,0.5645164470046082,0
fr_priamide,55.21347999572754,-1.4205692161156636e-05,0.0001024130767990335,0.10368678801843317,0
fr_pyridine,478.2858784198761,0.0003862975561406745,0.0020533424254731477,0.500000405529954,0
fr_quatN,0.0,0.0,0.0,0.08525350000000001,0
fr_term_acetylene,40.88279914855957,-1.6323502440290795e-05,0.00014935375018406164,0.10829505529953917,0
fr_tetrazole,441.9455301761627,6.039697774152253e-05,0.00037532203389808387,0.2788022350230414,0
fr_unbrch_alkane,179.17237949371338,-3.9292483520880773e-05,0.00018166596855040583,0.1082951797235023,0
fr_urea,189.61642861366272,-3.885731655214886e-05,0.00022249944412804573,0.12442422119815669,0
cnt_C,180.41426992416382,4.5274888606211536e-05,0.00020667605794348707,0.24654403225806454,0
cnt_N,962.0982093811035,0.0024532290392591362,0.007654253917825385,0.8225811336405531,0
cnt_O,152.85853052139282,-2.3318376726566557e-05,0.00020569256811923386,0.12212005069124424,0
cnt_H,1786.4580960273743,0.003319959707651815,0.01452443974529781,0.8755766359447005,0
n_total_atoms,678.839271068573,3.937970051889894e-05,0.0006147562096540449,0.2972354516129032,0
fc_abs_sum,14.63431978225708,-1.3421949180081328e-06,2.2889841691709806e-05,0.08064525806451613,0
n_aromatic_atom,437.6024389266968,0.0009540770460435722,0.007418384187737799,0.7419358709677419,0
n_ring_atom,815.8896970748901,0.0009686980103551457,0.001958245721892378,0.6013829400921659,0
n_sp,54.611119747161865,8.688792494965236e-05,0.0005573042806985233,0.3248849400921659,0
n_sp2,101035.63634347916,0.3686643477728825,0.5703910945032215,1.000001,0
n_sp3,512.6149888038635,0.00039363471889529157,0.0010545678548998893,0.4377884377880184,0
n_deg1,341.1649899482727,1.7001019500695325e-05,0.000337832782311066,0.2350233917050691,0
n_deg2,1133.8673651218414,0.00026105839752421645,0.0014427168329447908,0.4331802350230415,0
n_deg3,1308.29146194458,0.00047032621786264884,0.0025354129261965113,0.5599083732718894,0
n_deg4,284.8048315048218,0.00014488176760068527,0.0006084597653338378,0.36175147465437785,0
n_pos_charge,0.0,0.0,0.0,0.08525350000000001,0
n_bonds,75.26157975196838,0.0004679564337069397,0.001230100856151599,0.4700462580645161,0
n_single,196.50105118751526,6.274532829682044e-05,0.00021983609102878594,0.260368930875576,0
n_double,1257.2647795677185,0.004261734986136606,0.014200491998499761,0.8847931612903226,0
n_triple,0.0,0.0,0.0,0.08525350000000001,0
n_arom_bond,0.0,0.0,0.0,0.08525350000000001,0
n_conj_bond,14260.24023938179,0.16463916823776853,0.16883264299436204,0.9953926912442397,0
n_ring_bond,819.0507855415344,0.00034411062717012444,0.0026970368576503274,0.5322585207373272,0
max_ring_size,2650.502336740494,0.011650059452071754,0.0317239504714946,0.9400928156682027,0
n_carbo_ring,25.672669887542725,2.9529467308936354e-05,7.785070872960126e-05,0.20046094470046086,0
ring_3,696.3828725814819,0.0004655512895548164,0.0023167999173541553,0.5345626497695852,0
ring_4,941.4348826408386,0.0013432908902501206,0.00557649748479806,0.7465442580645161,0
ring_5,1413.67587184906,0.0008326952193709436,0.00462341971631631,0.6797240552995392,0
ring_6,453.37152004241943,0.00015988213844996823,0.0015992879537273753,0.4239635299539171,0
ring_7,50.58821964263916,-4.1839957033440455e-07,4.5969217215556746e-05,0.09677433640552995,0
ring_8,14.844669818878174,8.224892479480328e-07,5.1257994022301645e-06,0.1336406543778802,0
r_hetero,211.46531057357788,1.4389765649319708e-05,7.62848505211663e-05,0.1820279262672811,0
r_aromatic_atom,174.8384404182434,0.00023565390086372485,0.0011669010453042384,0.417050935483871,0
r_ring_atom,899.749329328537,0.00029012970880842317,0.001156294356492243,0.42165945622119816,0
r_sp,191.48266053199768,1.132881572914468e-05,7.254803341591787e-05,0.17281132258064516,0
r_sp2,1442.028879404068,0.0017809462962756761,0.007631614508079806,0.7880189953917051,0
r_sp3,551.1235089302063,0.0004121877149054043,0.003435365215693118,0.582949732718894,0
r_double,1141.9133083820343,0.0009944607254621651,0.004757634955750925,0.7027654930875576,0
r_triple,508.3036479949951,1.5278335352308936e-05,0.0004195541580156975,0.25345663594470047,0
r_arom_bond,62.68503952026367,4.0865509523330126e-05,0.00039217233591164094,0.2741937188940092,0
r_conj_bond,7148.241666793823,0.020461849502561108,0.02632058557675557,0.9493096313364056,0
r_multiple,1464.499240398407,0.01209326176469353,0.021735454950447722,0.9285719953917051,0
MaxAbsEStateIndex,6507.005644083023,0.001727793712225173,0.005184695749244217,0.7534570783410138,1
MinAbsEStateIndex,11197.473551750183,0.000665341509019618,0.0035334422401826987,0.622120792626728,1
MinEStateIndex,6941.455481290817,0.0003228372852517203,0.00271071223454491,0.5253464976958525,1
qed,10345.2104306221,0.0022906095363306065,0.005876918963717584,0.7949318387096774,1
SPS,5131.994333028793,0.0010609981968665583,0.004037871381180363,0.6751159769585253,1
MolWt,3420.6135239601135,0.0003874573318623065,0.0017932636758448298,0.4884799447004608,1
HeavyAtomMolWt,1488.178134918213,0.00022453230284376623,0.0019780324884078535,0.4608300414746544,1
ExactMolWt,28.110889434814453,-2.388782101014897e-07,4.453051322151402e-06,0.07373283870967742,1
NumValenceElectrons,651.5292840003967,0.001775769952721562,0.003110863030245988,0.7096778479262673,1
MaxPartialCharge,11085.402435064316,0.006096464982080241,0.015159215338563065,0.8940101889400922,1
MinPartialCharge,7381.6574058532715,0.0018148973419833347,0.006694167073072322,0.7949317649769586,1
MaxAbsPartialCharge,6409.5258276462555,0.011616097264376702,0.029437368618670724,0.9447012995391705,1
MinAbsPartialCharge,3467.3913764953613,0.001853590155394369,0.011115148779607275,0.8410145115207374,1
FpDensityMorgan1,3487.6821813583374,0.0004075630668910368,0.0021093426877991863,0.5207380230414747,1
FpDensityMorgan2,3913.515200614929,0.0003509393416389839,0.002966164912609833,0.5506919585253456,1
FpDensityMorgan3,5418.163500785828,0.0006882594289654598,0.003600190320024773,0.6267288847926267,1
BCUT2D_MWHI,9272.214830636978,0.007046881830716084,0.016005388025190147,0.9055309078341014,1
BCUT2D_MWLOW,11986.073111057281,0.009220987359184885,0.02405219538736562,0.9239641152073732,1
BCUT2D_CHGHI,6682.294756412506,0.0016531623954643027,0.005745643415061603,0.7534570875576037,1
BCUT2D_CHGLO,8939.893784761429,0.00206712729492603,0.005541299586495627,0.7811069262672811,1
BCUT2D_LOGPHI,7070.378690481186,0.0011956853070984486,0.005850206797385939,0.7188948894009216,1
BCUT2D_LOGPLOW,10814.548416376114,0.0035091016818703134,0.009604609276655374,0.852535529953917,1
BCUT2D_MRHI,25317.616724014282,0.0961903986023807,0.1087349171018801,0.9884802580645161,1
BCUT2D_MRLOW,8890.964274644852,0.004472647729660056,0.01085317852220594,0.8732728202764978,1
AvgIpc,9196.568951129913,0.003823826780576822,0.010634688692698966,0.866360396313364,1
BalabanJ,8692.051638126373,0.0016702622221317909,0.00606172702209192,0.7672820322580645,1
BertzCT,15703.291934251785,0.03845068833248154,0.07435777801241245,0.9746553686635945,1
Chi0,1817.460242986679,2.5854051193735517e-05,0.0010576765506119436,0.31106048847926265,1
Chi0n,5054.824328184128,0.0002251034819240716,0.0026460403197944957,0.49769661290322575,1
Chi1,5554.246493816376,0.0016367361816879145,0.008672407486118144,0.7903233686635944,1
Chi1n,5813.488316774368,8.851417644644144e-05,0.0019249117546188681,0.41705148387096774,1
Chi2n,5060.154252290726,4.710316805887071e-05,0.0016729467233344455,0.37327265437788015,1
Chi3n,4648.856493711472,7.884180365874127e-05,0.0014444324072981493,0.37096849769585255,1
Chi4n,6504.1670343875885,0.0012558775339505945,0.002881554183127203,0.6451621428571428,1
HallKierAlpha,5979.542107582092,0.024462935924880476,0.04949635226913232,0.9608303041474654,1
Ipc,6445.6157784461975,0.0009507998627474923,0.004471480322084201,0.6728119032258064,1
Kappa1,3470.8027913570404,0.001436439789494154,0.004680178372297612,0.7142864055299538,1
Kappa2,4104.270038843155,0.0035304497164961703,0.006807277873442575,0.8294938110599078,1
Kappa3,5977.476147413254,0.0017443509640199695,0.00764199008189088,0.7972358248847926,1
LabuteASA,3643.65118765831,8.170014960921512e-05,0.0016849453941167438,0.39170576958525344,1
PEOE_VSA1,3668.7843914031982,0.0004497433938607909,0.0015500387821419548,0.4930882626728111,1
PEOE_VSA10,6141.134399652481,0.000693964563529198,0.00260935519388104,0.5852542764976959,1
PEOE_VSA11,4594.595388174057,0.0013646518336761504,0.005212554873364271,0.7211989078341013,1
PEOE_VSA12,3359.0428006649017,0.0008156785883360162,0.003679335524421884,0.6451619631336405,1
PEOE_VSA13,1628.5510795116425,0.00021056240364308865,0.0032936838943629604,0.5230420322580646,1
PEOE_VSA14,2285.709060907364,0.006941507227520694,0.014360999478948946,0.8963139769585254,1
PEOE_VSA2,4249.478154420853,0.001784587146254618,0.006010529412527457,0.7811067188940092,1
PEOE_VSA3,1653.5407075881958,0.0005750288933294934,0.0015390229853458946,0.504608861751152,1
PEOE_VSA4,1440.8530657291412,0.0009183545748701893,0.003523215918462461,0.640553534562212,1
PEOE_VSA5,1204.082338809967,0.0013368577483770794,0.0036808413276614165,0.686636470046083,1
PEOE_VSA6,3038.482964038849,0.0030215747251013834,0.009170871957809162,0.8433186267281106,1
PEOE_VSA7,4498.005308389664,0.001158653063203463,0.007662248112404486,0.7442403732718893,1
PEOE_VSA8,6213.941588878632,0.0011769480703910818,0.004866295886301098,0.6958533686635945,1
PEOE_VSA9,7145.37965965271,0.0011197161610298767,0.003997005208881111,0.6751160921658985,1
SMR_VSA1,1640.2065029144287,0.00016504087838861703,0.0010161008149505441,0.37788074654377884,1
SMR_VSA10,6819.910635232925,0.027271361757398478,0.03862676733777919,0.9585262165898618,1
SMR_VSA2,1193.848039150238,0.0011807259972576368,0.00708771038596768,0.741936,1
SMR_VSA3,3777.9056627750397,0.010033989260451608,0.024137761203400967,0.928572138248848,1
SMR_VSA4,1808.5552802085876,8.657716493688516e-05,0.0022135019871571643,0.4308761520737327,1
SMR_VSA5,7692.7570679187775,0.001938933141051835,0.007516124543902045,0.8110608064516129,1
SMR_VSA6,3080.8192212581635,0.0009378460211859285,0.0026053508075200692,0.6036872949308755,1
SMR_VSA7,3294.0987746715546,0.0035243020708904337,0.013038524998793238,0.8709684101382489,1
SMR_VSA9,703.1800837516785,-4.200504430951213e-07,0.0007719557003848321,0.19354882949308755,1
SlogP_VSA1,2535.972889661789,0.00211972209788438,0.009119906549776194,0.8294937235023041,1
SlogP_VSA10,568.695360660553,0.00019686444948881497,0.00042283516483480627,0.336405930875576,1
SlogP_VSA11,570.0534281730652,-2.4749278637536953e-05,0.0009215812127741346,0.18663635023041475,1
SlogP_VSA2,8541.921115159988,0.008054405637855389,0.029092159203904632,0.9308764976958525,1
SlogP_VSA3,1866.0030601024628,0.00046694734031484943,0.0031272670986440187,0.5921664838709678,1
SlogP_VSA4,2257.9739367961884,0.00025895603439750613,0.0013658692089623897,0.42396374193548386,1
SlogP_VSA5,3367.4705286026,0.0017725340525619304,0.012821878657965117,0.8364062073732719,1
SlogP_VSA6,4320.75253200531,0.010619187794906598,0.030575932309204606,0.9423970460829493,1
SlogP_VSA8,187.4798605442047,0.0003687560894741593,0.0008867628483819327,0.42165924884792627,1
TPSA,6472.850711345673,0.003748663531536023,0.012079347965954723,0.8709685898617512,1
EState_VSA1,2152.3994829654694,2.2718124273524155e-05,0.0009812858693057389,0.29262733179723505,1
EState_VSA10,368.05965185165405,2.5484428411720604e-05,0.0002480888863957051,0.2258068156682028,1
EState_VSA2,5977.623017311096,0.0004471027902108515,0.0022890763458705433,0.541475460829493,1
EState_VSA3,5419.578819513321,3.608944415900428e-05,0.0021729252270029343,0.3963141428571428,1
EState_VSA4,4360.445537805557,0.00023792525627827632,0.002313320483723877,0.48847999999999997,1
EState_VSA5,2925.0501832962036,2.8946009655134165e-05,0.0014170978736534198,0.3271895898617512,1
EState_VSA6,2288.0052785873413,0.00039170162324415057,0.0023759636670347825,0.5368669769585254,1
EState_VSA7,2314.3424727916718,0.0002784147329284614,0.002014625176028193,0.4815674423963134,1
EState_VSA8,5891.174591302872,0.0010597141156646229,0.010349228118030445,0.7580653133640552,1
EState_VSA9,3199.1059880256653,0.00038409879305911776,0.001825297815116506,0.4884799262672811,1
VSA_EState1,4008.7724990844727,0.0004243520914017196,0.0029243985333008843,0.5668209953917052,1
VSA_EState2,9194.820867061615,0.018187983204733082,0.04219368655871578,0.9539179953917051,1
VSA_EState3,6197.982179641724,0.0004836320278873263,0.0033615321398022275,0.6013833133640553,1
VSA_EState4,6039.507533073425,0.001609494725857885,0.008252888127670596,0.7834109539170506,1
VSA_EState5,7562.231272697449,0.001448783547211141,0.0046053234691358766,0.7142866082949307,1
VSA_EState6,5522.633957862854,0.0013489371162379083,0.003979150755764912,0.6912450230414746,1
VSA_EState7,9148.04532790184,0.0009125369022644547,0.0042955052631338374,0.6612912626728111,1
VSA_EState8,6588.841665267944,0.0002851483555387557,0.0023428211768033074,0.5023050092165898,1
VSA_EState9,2632.895332813263,0.0016199137781248874,0.006518292011080887,0.7626734516129032,1
FractionCSP3,7801.322723150253,0.08973324889781567,0.12035731551103614,0.9884801658986175,1
HeavyAtomCount,0.0,0.0,0.0,0.0737327603686636,1
NHOHCount,521.4318561553955,3.362632783638353e-05,0.00022876382619901577,0.239631732718894,1
NOCount,178.2908697128296,4.14290402800499e-05,0.0006327810311438427,0.2880186866359447,1
NumAliphaticCarbocycles,688.4088931083679,0.0016611052886845168,0.003620755826577947,0.711982,1
NumAliphaticHeterocycles,1467.9463334083557,0.0021168636502554793,0.009167179377070522,0.8294936313364055,1
NumAliphaticRings,486.6000373363495,0.001014733135614726,0.0028740978877378727,0.6244243548387097,1
NumAmideBonds,2007.9785537719727,0.007734263831911342,0.02092676910291361,0.9147471428571429,1
NumAromaticCarbocycles,0.0,0.0,0.0,0.0737327603686636,1
NumAromaticHeterocycles,172.58784985542297,-4.156584405786146e-05,0.0009756322330619389,0.18663618894009215,1
NumAromaticRings,42.557799339294434,0.0001543708650657616,0.00057616575973903,0.3364056728110599,1
NumAtomStereoCenters,848.9963812828064,0.0003028186679690237,0.001448690803023861,0.4493092350230415,1
NumBridgeheadAtoms,997.0319397449493,0.0017723240986339595,0.005121697693344041,0.7557608663594471,1
NumHAcceptors,953.192015171051,0.0015308283298610837,0.006710144837281439,0.7626733041474655,1
NumHDonors,336.7758598327637,0.00011052178098499565,0.00021166010118884543,0.28341048387096773,1
NumHeteroatoms,114.03553009033203,3.658051728600564e-05,0.0005111543798584853,0.27649789861751156,1
NumHeterocycles,485.74866676330566,0.000389592515835685,0.0028348520764476482,0.5506916313364055,1
NumRotatableBonds,1141.1931631565094,0.0006652410052432389,0.003665457061578082,0.6267286221198156,1
NumSaturatedCarbocycles,738.6294460296631,0.001544414212765416,0.004539144256983093,0.7211986221198156,1
NumSaturatedHeterocycles,474.5303497314453,0.00026282398730412824,0.0014474333958268816,0.43548424423963134,1
NumSaturatedRings,474.8604624271393,0.0006567616657938147,0.004938901022367663,0.6520741105990784,1
NumSpiroAtoms,642.7137715816498,5.7150383016213445e-05,0.0016944799533805508,0.38479305069124425,1
Phi,2708.5863406658173,0.000389127054912225,0.0029172167932234047,0.5553001843317972,1
RingCount,44.82417058944702,0.00010529019372252923,0.0002593746862998482,0.2926268755760369,1
MolLogP,8426.104724407196,0.005380998153321703,0.022629526434407733,0.9032267235023043,1
MolMR,6199.275121927261,0.0006398477051421548,0.0032394568834418444,0.6059916129032258,1
fr_Al_COO,93.719309091568,0.0002947968319621186,0.0006449657445864067,0.3847928156682028,1
fr_Al_OH,197.69419860839844,-2.3798980408323846e-05,0.00022612865136979702,0.11751180184331797,1
fr_Al_OH_noTert,141.67793893814087,1.6179914740555023e-05,0.00019652976747743772,0.20506935483870967,1
fr_ArN,63.40157103538513,-7.346257484336372e-06,6.165422860968731e-05,0.08755777419354839,1
fr_Ar_COO,0.0,0.0,0.0,0.0737327603686636,1
fr_Ar_N,322.8554916381836,0.00045458510469373326,0.0016657261394091485,0.500000331797235,1
fr_Ar_NH,783.3536019325256,0.001430175326755101,0.006601003894235583,0.7465442534562212,1
fr_Ar_OH,22.71843981742859,-1.535746492381529e-06,1.7667928898054696e-05,0.08064526267281107,1
fr_COO,0.0,0.0,0.0,0.0737327603686636,1
fr_C_O,40.40113019943237,1.3155219153071495e-06,1.6425472794547988e-05,0.1336406866359447,1
fr_HOCCN,50.17550039291382,-2.0926587673264496e-05,0.00028835998696146836,0.1405531474654378,1
fr_Imine,452.5384702682495,0.00021152443927297538,0.0006519620563526274,0.36405566820276497,1
fr_NH0,850.8157994747162,9.053089909659695e-05,0.0011185879317604597,0.3686640783410138,1
fr_NH1,702.2276082038879,0.00043106917178306614,0.0016134709765928544,0.4884797004608295,1
fr_NH2,37.760611057281494,-2.609205840192752e-06,2.898811937236793e-05,0.08525358525345622,1
fr_Ndealkylation1,276.6870188713074,0.0003261993250109452,0.001842821187425373,0.481567133640553,1
fr_Ndealkylation2,619.4874658584595,0.0009203575048039314,0.0027522264303326757,0.6105994930875576,1
fr_aldehyde,9596.653682231903,0.06922589056643584,0.07953286085247943,0.9815677788018433,1
fr_alkyl_carbamate,18.056260585784912,1.3975626449924672e-05,8.841758286044337e-05,0.18433188479262672,1
fr_alkyl_halide,0.0,0.0,0.0,0.0737327603686636,1
fr_allylic_oxid,120.7932186126709,6.481158223266003e-05,0.00027327765711411295,0.2764979032258065,1
fr_amidine,228.83937978744507,4.996292436059702e-05,0.0007201425030444513,0.3087560599078341,1
fr_aniline,54.32733917236328,5.197281687907562e-06,8.491860166710541e-05,0.17050706912442395,1
fr_aryl_methyl,121.52092981338501,9.801504033456477e-05,0.0002794611950346011,0.2995393824884793,1
fr_benzene,0.0,0.0,0.0,0.0737327603686636,1
fr_bicyclic,1996.9503676891327,0.003017656060866658,0.006305820350062093,0.8064522073732718,1
fr_epoxide,1753.5059781074524,0.0064174829333238205,0.015360098947713263,0.8986180829493088,1
fr_ester,313.4748001098633,0.0002904491201159654,0.0010515176309540243,0.42165930875576035,1
fr_ether,138.52737045288086,0.00013453153604441325,0.001377643495599685,0.3894011474654378,1
fr_furan,59.497769832611084,2.948168212202895e-05,0.00012877448395615085,0.20737343778801842,1
fr_guanido,0.0,0.0,0.0,0.0737327603686636,1
fr_halogen,0.0,0.0,0.0,0.0737327603686636,1
fr_imidazole,324.4412932395935,2.445343880425055e-05,0.00032218993610838906,0.24654411520737327,1
fr_imide,210.7085189819336,5.6478430526807347e-08,2.794598436898869e-05,0.13364084331797235,1
fr_ketone,8032.1043038368225,0.0357655712254454,0.06288268502294286,0.9677428433179723,1
fr_ketone_Topliss,127.43414998054504,8.729126711368163e-05,0.00029018723737543226,0.2972352442396313,1
fr_lactam,214.736008644104,0.00022699338417103698,0.0010185998168873688,0.40322610138248843,1
fr_lactone,41.035358905792236,4.86734713791015e-06,7.022889887921298e-06,0.1359448387096774,1
fr_methoxy,191.95402002334595,3.056715978033142e-05,0.00017884740996316627,0.22350257603686635,1
fr_morpholine,196.1617512702942,3.3194748982390276e-05,0.00026266634875619,0.24654405529953916,1
fr_nitrile,100.76418972015381,-1.1839917529360421e-05,8.08550231213175e-05,0.08986194930875575,1
fr_nitro,0.0,0.0,0.0,0.0737327603686636,1
fr_nitro_arom,0.0,0.0,0.0,0.0737327603686636,1
fr_oxazole,161.5019087791443,0.00018014701443294645,0.0006511308109223227,0.3502306543778802,1
fr_oxime,67.79932045936584,4.406896011257544e-05,0.00025818950408694176,0.2557605483870968,1
fr_para_hydroxylation,0.0,0.0,0.0,0.0737327603686636,1
fr_phenol,0.0,0.0,0.0,0.0737327603686636,1
fr_phenol_noOrthoHbond,0.0,0.0,0.0,0.0737327603686636,1
fr_piperdine,338.7359609603882,0.00034198410728429883,0.0012070530963802597,0.44239666359447,1
fr_piperzine,57.018269062042236,4.18196633908241e-05,0.0007595325049806087,0.3064517741935484,1
fr_priamide,65.70927906036377,4.8027004285911e-06,0.0001348318535693943,0.17281123502304147,1
fr_pyridine,360.37230920791626,0.000248423081574245,0.0017230685562517696,0.4516132626728111,1
fr_quatN,0.0,0.0,0.0,0.0737327603686636,1
fr_term_acetylene,23.304710388183594,9.888447720762806e-07,3.849391056210995e-06,0.11981577419354839,1
fr_tetrazole,97.92898941040039,0.00013505079785282038,8.111569826147544e-05,0.2626730046082949,1
fr_unbrch_alkane,190.89833974838257,1.0050825993623836e-05,0.00013480528141085522,0.18663621198156685,1
fr_urea,22.083380222320557,-3.384452940125016e-10,1.4402791095711178e-05,0.08294940552995392,1
cnt_C,205.60105919837952,1.8281076150866717e-05,0.00017712864416616694,0.20276526267281106,1
cnt_N,713.1338396072388,0.0024908750472321496,0.009592290920739271,0.8410142764976959,1
cnt_O,125.05660104751587,8.589720609075702e-06,7.289737879173624e-05,0.16820298156682026,1
cnt_H,2476.2526383399963,0.0041399885556734515,0.019163149124280486,0.8940098479262671,1
n_total_atoms,744.2242305278778,0.00012466045932371105,0.0005434656155553402,0.32718941013824887,1
fc_abs_sum,25.6122407913208,-9.522481750046108e-05,0.0004960015614019458,0.13824896313364055,1
n_aromatic_atom,359.82064056396484,0.0016893471024836848,0.00679818301432349,0.7834104930875575,1
n_ring_atom,938.142270565033,0.0005671486351142508,0.0022240090026587446,0.5529958801843319,1
n_sp,85.9344596862793,2.323720700936338e-05,8.343307960311524e-05,0.18894027649769587,1
n_sp2,102327.58175826073,0.3781209591565637,0.5760139628941309,1.000001,1
n_sp3,602.4735202789307,0.0005420704948514987,0.001942582399331883,0.5322584746543778,1
n_deg1,259.83188915252686,6.949223566038443e-06,0.0001370188643348864,0.1866362534562212,1
n_deg2,1194.7379312515259,0.0001780954741934182,0.001121519473070255,0.3917055898617512,1
n_deg3,1286.2155022621155,0.0007419602975760276,0.0023724436450222202,0.5829498387096774,1
n_deg4,245.70789909362793,-9.421031676837833e-05,0.0008418601251232845,0.17511551152073734,1
n_pos_charge,0.0,0.0,0.0,0.0737327603686636,1
n_bonds,156.15516185760498,0.0012737287671705899,0.001998287463471362,0.6013827235023042,1
n_single,328.79519176483154,4.569873145323644e-05,0.000739230714737962,0.3087561013824885,1
n_double,1500.7778086662292,0.006062625401513916,0.01672080656008905,0.898618064516129,1
n_triple,0.0,0.0,0.0,0.0737327603686636,1
n_arom_bond,0.0,0.0,0.0,0.0737327603686636,1
n_conj_bond,13066.988562583923,0.16675440363140065,0.17973835504791968,0.9953926912442397,1
n_ring_bond,721.2967052459717,0.00020722818879366777,0.00189310311432799,0.44700506451612904,1
max_ring_size,2408.5192193984985,0.011308378323712032,0.02869805405624704,0.9377886451612903,1
n_carbo_ring,18.836400032043457,5.113310036042318e-06,2.2475827285572052e-05,0.14746552995391704,1
ring_3,738.1616535186768,0.0007893462520663974,0.002055460728103175,0.566820737327189,1
ring_4,641.8012170791626,0.0008451473656078512,0.0028073219543051564,0.6059912027649771,1
ring_5,1100.448400259018,0.0004267701321726436,0.0029874272479248087,0.5737332211981567,1
ring_6,484.6995313167572,0.00018108521392271038,0.0007229635078306614,0.3594473870967742,1
ring_7,17.991990089416504,6.180380156151077e-07,6.254337448959872e-06,0.12211989861751152,1
ring_8,37.4471697807312,6.755099899619088e-06,5.1109045166688574e-05,0.15898629953917048,1
r_hetero,322.3872015476227,-2.9991621548469683e-05,0.0003044352940592233,0.13824917511520735,1
r_aromatic_atom,173.9905481338501,5.4441114229664135e-05,0.0005392705819454971,0.29493112442396313,1
r_ring_atom,707.3954317569733,0.00043354115358593126,0.0008410989834611134,0.44009261290322577,1
r_sp,180.22096014022827,3.150962847178751e-05,0.0002760027485172033,0.2488481843317972,1
r_sp2,1297.1673181056976,0.0014536383392066976,0.005415067893646076,0.7327194285714286,1
r_sp3,1928.6921632289886,0.0014787181913874681,0.009598564490989815,0.7903231705069124,1
r_double,1114.6654388904572,0.0007157269590380655,0.0017589060908405063,0.5391710138248847,1
r_triple,304.9202010631561,6.740515946723757e-05,0.0009614968111905561,0.3387099953917051,1
r_arom_bond,23.433839797973633,4.611761214057264e-06,0.0001436825028994213,0.17511531797235025,1
r_conj_bond,8207.767793655396,0.021971296963587367,0.02693765279002614,0.9423972258064516,1
r_multiple,4567.535750389099,0.04521378584493196,0.0631559528544911,0.9746551244239632,1
MaxAbsEStateIndex,7144.591529846191,0.0012940582429276926,0.004351367564993133,0.6866368202764978,2
MinAbsEStateIndex,11900.66736292839,0.0005342581062889373,0.003164357025879351,0.5829502903225806,2
MinEStateIndex,6054.955999851227,0.0001327539345628459,0.0030196854679715437,0.4884800967741935,2
qed,11732.039212226868,0.001731306314510911,0.007650313401430011,0.7811069677419354,2
SPS,5118.601742506027,0.0014977392116307664,0.0050066875332410105,0.7281113778801843,2
MolWt,3129.758973836899,-5.6331066179621245e-05,0.003133546982033768,0.3018439769585254,2
HeavyAtomMolWt,1493.4051127433777,0.0001460661972023214,0.001107709742790143,0.4032263640552995,2
ExactMolWt,41.57261037826538,1.4718765201648942e-06,4.373768054381922e-05,0.17972365437788018,2
NumValenceElectrons,436.3573579788208,0.0001042083196684307,0.0011163065333405341,0.37327225806451614,2
MaxPartialCharge,11423.554502010345,0.008871928609555551,0.015072933853526966,0.9078350691244239,2
MinPartialCharge,8295.958201408386,0.0037247231377449397,0.009833110575004748,0.8571437603686637,2
MaxAbsPartialCharge,5138.106150865555,0.004994754493694281,0.01517115551470532,0.8847934101382489,2
MinAbsPartialCharge,3340.6690855026245,0.002827757459893371,0.010354800923699467,0.8387103548387097,2
FpDensityMorgan1,3281.8673787117004,0.00014175165512400056,0.001355894024960643,0.412443064516129,2
FpDensityMorgan2,4034.9976468086243,0.0006990513619479555,0.002352279188613725,0.5691251520737327,2
FpDensityMorgan3,5834.794006586075,0.0010567557040361275,0.003623393724259466,0.6382496682027651,2
BCUT2D_MWHI,9797.709129571915,0.005888699576726464,0.014896062038999111,0.8917060092165898,2
BCUT2D_MWLOW,11485.781414031982,0.007111470356632427,0.024397699922274408,0.9216599585253457,2
BCUT2D_CHGHI,7237.941433191299,0.0021026201504557363,0.007436648423751525,0.7972359032258064,2
BCUT2D_CHGLO,8710.654659032822,0.0018926837602202928,0.0055555632776096335,0.7626737235023041,2
BCUT2D_LOGPHI,7685.203602552414,0.002369487428455891,0.005096587123212288,0.7741944331797235,2
BCUT2D_LOGPLOW,11055.836916446686,0.0034380195138438373,0.008501792095126116,0.8479272304147465,2
BCUT2D_MRHI,26280.337131500244,0.10222986959070493,0.1141234478567227,0.990784405529954,2
BCUT2D_MRLOW,8897.875507354736,0.00513717768837284,0.015440023110020528,0.8894018433179723,2
AvgIpc,9556.821731567383,0.002638299440037023,0.010722547477034775,0.8387106129032257,2
BalabanJ,8389.42182970047,0.0018370655058689122,0.006198306313265794,0.7603695714285713,2
BertzCT,15959.121283531189,0.0336104982351353,0.07547463917499184,0.9723512211981566,2
Chi0,1739.8123195171356,-6.897889267715173e-06,0.0008602942501129485,0.20276555299539173,2
Chi0n,4650.152562618256,3.663755573194427e-05,0.001445447173319057,0.35944775576036864,2
Chi1,6061.38553071022,0.0012984114440117323,0.0069109652304887356,0.7396321751152074,2
Chi1n,4650.4662845134735,0.00013963184622287073,0.0018912446916478454,0.4539178064516129,2
Chi2n,5056.179283380508,3.090921159785154e-05,0.0017238544410276997,0.3686643686635944,2
Chi3n,4505.471480846405,0.0004165085098036536,0.002154071308305583,0.5299546589861751,2
Chi4n,4535.28965139389,0.0004525342909574348,0.0018856955183520956,0.520738073732719,2
HallKierAlpha,4935.67055606842,0.0374372586223408,0.05936509062282417,0.9700468433179723,2
Ipc,6812.047114372253,0.0003235381384413816,0.00464643862696304,0.5921667649769585,2
Kappa1,3062.5885605812073,0.0012736012464326595,0.005554547796567846,0.7211988110599078,2
Kappa2,3438.0291800498962,0.0010301193098774196,0.0030477086094834235,0.615208069124424,2
Kappa3,6418.778790712357,0.0016735780764262187,0.00699783609845949,0.7672819677419355,2
LabuteASA,3734.156228542328,1.10518848978447e-05,0.0018409704490234676,0.3640560230414746,2
PEOE_VSA1,3418.209835290909,0.00035553524060087384,0.0017966775269123022,0.49308824884792624,2
PEOE_VSA10,5988.716438770294,0.000344372876064436,0.003590261738349611,0.5622128110599078,2
PEOE_VSA11,4177.18866276741,0.0010735620248030098,0.0037675590918122698,0.6428578755760368,2
PEOE_VSA12,2420.6633245944977,0.0004772651026677233,0.0014233272577836432,0.4907840368663594,2
PEOE_VSA13,1888.2328441143036,0.00038299791291289685,0.0018875655970250328,0.5069130414746544,2
PEOE_VSA14,3438.568459033966,0.005580462161076905,0.015853684945093215,0.9009223594470045,2
PEOE_VSA2,3566.9526731967926,0.001412482205865756,0.004059267971136646,0.6912449539170507,2
PEOE_VSA3,1220.7401604652405,0.0009572571232615013,0.0014185509847469402,0.5207378479262673,2
PEOE_VSA4,1160.536831855774,0.000947264955814342,0.004662099625905263,0.6635949815668203,2
PEOE_VSA5,1198.9296774864197,0.0002760629825861949,0.003789268725709999,0.5506917603686636,2
PEOE_VSA6,3543.6140637397766,0.0013813212365090589,0.008452369073599001,0.7672818156682027,2
PEOE_VSA7,5028.216294765472,0.003374679084634563,0.011319637055522776,0.8617519216589861,2
PEOE_VSA8,6957.487123012543,0.0012297982427321719,0.004747038535207511,0.6981575529953916,2
PEOE_VSA9,7711.026542663574,0.0013848444888930277,0.004486381781517859,0.7050700184331796,2
SMR_VSA1,1431.2271718978882,0.00018328179430183723,0.001004292857338488,0.4032263502304147,2
SMR_VSA10,5928.9495968818665,0.0252603229423291,0.03913455782461299,0.9608303179723502,2
SMR_VSA2,1065.5047917366028,0.0013019960269543163,0.00438075184277162,0.6935488894009217,2
SMR_VSA3,3620.595447063446,0.006173449291630939,0.019439834754729685,0.914747262672811,2
SMR_VSA4,2069.3936684131622,0.00035696852568243843,0.004448584285334519,0.5990789447004609,2
SMR_VSA5,5230.730102300644,0.0011332184869829065,0.004996916416974254,0.6981574746543778,2
SMR_VSA6,3410.3556139469147,0.0008162485337596115,0.004778149206460981,0.6612910092165899,2
SMR_VSA7,3349.611496925354,0.0032672901415170042,0.014296903936606807,0.8663601290322581,2
SMR_VSA9,742.1110799312592,0.00012403318382190888,0.001167610150391839,0.3870972258064516,2
SlogP_VSA1,2792.8830955028534,0.001911780915746969,0.009460272859073646,0.8110605483870968,2
SlogP_VSA10,493.0315611362457,0.0001347438185622163,0.00173021109303399,0.43318011981566823,2
SlogP_VSA11,499.97569155693054,0.0002801329025813204,0.000805601743075475,0.41013864976958525,2
SlogP_VSA2,9088.175115346909,0.008347344704209675,0.029549984528073735,0.9400930967741935,2
SlogP_VSA3,1569.208710193634,0.0008893187129892455,0.0034357686966976376,0.615207935483871,2
SlogP_VSA4,2368.0843029022217,0.00012455198871954009,0.001242822198063592,0.39170569124423965,2
SlogP_VSA5,3470.099358558655,0.0029804636978238543,0.019381095333957245,0.8801850368663594,2
SlogP_VSA6,4246.045150518417,0.00779228515410973,0.025671658226802393,0.9285721658986176,2
SlogP_VSA8,204.88289976119995,0.00011388080717922855,0.0004317558600646854,0.3317975069124424,2
TPSA,5645.360215425491,0.0021282550386902133,0.008278997764191946,0.8087565668202765,2
EState_VSA1,1721.1010291576385,5.0823286509138474e-05,0.0006884193652225447,0.3294936589861751,2
EState_VSA10,308.811870098114,-3.1174974185327334e-05,0.0002283146928377787,0.13594501843317972,2
EState_VSA2,5668.661814689636,6.933124072798224e-05,0.002494183722384634,0.44470127188940095,2
EState_VSA3,6209.168408870697,-3.690331426144944e-05,0.0016813735381898543,0.23732804147465442,2
EState_VSA4,5756.585507631302,0.0003426481181954599,0.002237025042361663,0.5138257004608295,2
EState_VSA5,3172.887480735779,-0.00014709546927590966,0.0016373896121944763,0.22119882027649768,2
EState_VSA6,2320.503838300705,0.0002772735140277205,0.002008620074199588,0.486175732718894,2
EState_VSA7,1833.9764499664307,0.0003932882098216572,0.0021730121406810616,0.5276503594470046,2
EState_VSA8,5205.259449481964,0.0010949625980140932,0.006700022427813494,0.7142865023041475,2
EState_VSA9,3027.906221151352,0.00030466959345361034,0.0025118175992863375,0.5184338294930876,2
VSA_EState1,5012.193655967712,0.00039231329659788485,0.003883459657683937,0.5875583686635945,2
VSA_EState2,7838.781728744507,0.011206087662448166,0.029050334582937987,0.9470055069124423,2
VSA_EState3,6272.890608549118,0.0011783692591803064,0.004260697912312575,0.675116064516129,2
VSA_EState4,5340.883563518524,0.0020281460722975765,0.006808466474725081,0.7811067880184331,2
VSA_EState5,8759.898870229721,0.0010814185107454466,0.005178239348138127,0.6981575990783411,2
VSA_EState6,5584.371867179871,0.001125303535600014,0.004430167716273124,0.6751160092165898,2
VSA_EState7,8914.46968626976,0.0005185849520922492,0.003574563432019674,0.5921668248847927,2
VSA_EState8,6106.224556922913,0.00045613962315537717,0.0020829842519537816,0.5322589078341013,2
VSA_EState9,2504.540505886078,0.0011341302043428425,0.0046297898954847545,0.6866365760368663,2
FractionCSP3,7701.429498195648,0.06682862343382957,0.09627158491654678,0.9861760046082949,2
HeavyAtomCount,0.0,0.0,0.0,0.09907838479262673,2
NHOHCount,342.49534821510315,-1.327636936454546e-06,0.0001613048009299419,0.1451616451612903,2
NOCount,107.5700192451477,1.1173967944427821e-05,8.03301589798993e-05,0.20506933640552996,2
NumAliphaticCarbocycles,445.6940631866455,-6.873795274015549e-05,0.001612871106000517,0.22350268202764978,2
NumAliphaticHeterocycles,1319.2036113739014,0.001557388775083568,0.007269571453520831,0.7603691889400922,2
NumAliphaticRings,707.4324688911438,0.0019095418706408685,0.0032933221192381523,0.69124467281106,2
NumAmideBonds,1024.3027002811432,0.0025415942294426453,0.011271327973394118,0.8387101751152073,2
NumAromaticCarbocycles,0.0,0.0,0.0,0.09907838479262673,2
NumAromaticHeterocycles,31.593730926513672,-3.63449857163467e-05,0.00018898543544340157,0.12211995852534561,2
NumAromaticRings,231.2142689228058,0.001012885293343413,0.0032280520948424563,0.6198159539170506,2
NumAtomStereoCenters,1321.8089654445648,0.0002752025655841539,0.0023005604772721143,0.5000005299539171,2
NumBridgeheadAtoms,896.9946880340576,0.0009601838952176978,0.0038561697775388276,0.6359451705069125,2
NumHAcceptors,903.2616522312164,0.001559404470860487,0.00793614289789799,0.7718898755760369,2
NumHDonors,191.67551922798157,-4.733461948404627e-05,0.00021589511076541766,0.12442422580645161,2
NumHeteroatoms,135.73663854599,3.118556247073689e-05,0.0007159823557898896,0.3133642857142857,2
NumHeterocycles,620.1582927703857,0.0010095395977050615,0.004784887830776684,0.6774197741935485,2
NumRotatableBonds,1444.2539610862732,0.00019006873531496327,0.004037912796599947,0.5483876451612902,2
NumSaturatedCarbocycles,932.9242784976959,0.0022246364761872974,0.0069656783844625,0.7949313548387097,2
NumSaturatedHeterocycles,708.2106566429138,0.0004516275792957214,0.00223943029191417,0.5414750921658986,2
NumSaturatedRings,553.2668907642365,0.002046010132647591,0.0075527772920924545,0.7972354285714286,2
NumSpiroAtoms,486.73750162124634,0.000385569671604008,0.001028920058565602,0.44930914746543776,2
Phi,2130.0125098228455,0.00016681876575568854,0.0017416840534372057,0.44930936405529953,2
RingCount,59.012779712677,0.00014200844681004908,0.00029422221898670774,0.3410139861751152,2
MolLogP,9858.701333522797,0.005285980188129169,0.026316259941031112,0.9170516405529954,2
MolMR,6161.656505584717,0.00021917454787662716,0.0026691068858305713,0.5092174377880184,2
fr_Al_COO,32.75227975845337,-1.8509807780509036e-06,3.253724371363113e-05,0.1129033732718894,2
fr_Al_OH,98.51291084289551,-1.0431004791233711e-05,0.00010561993701537709,0.11520757603686636,2
fr_Al_OH_noTert,182.5173282623291,2.2473391353089454e-05,0.0001973136622779353,0.24193573732718895,2
fr_ArN,4.188570022583008,-2.9709812888023544e-06,8.808045871135291e-06,0.09677428110599078,2
fr_Ar_COO,0.0,0.0,0.0,0.09907838479262673,2
fr_Ar_N,310.32264041900635,0.00032696932858801707,0.001774752280368876,0.4815671428571428,2
fr_Ar_NH,756.6643080711365,0.0018678144347216374,0.005199409080625341,0.7557608248847927,2
fr_Ar_OH,17.7046799659729,9.727571324669171e-07,8.315697858938113e-06,0.16129043778801844,2
fr_COO,0.0,0.0,0.0,0.09907838479262673,2
fr_C_O,6.362229824066162,-1.2384882780436257e-07,8.654068802960333e-07,0.1013825806451613,2
fr_HOCCN,123.70472025871277,7.180478817349623e-05,0.0002929522445207755,0.2995393917050691,2
fr_Imine,169.8256597518921,2.6424933305180254e-05,0.00022481814011567257,0.2534564608294931,2
fr_NH0,697.8330984115601,0.00013439152102980855,0.0015418177638911183,0.4170511152073733,2
fr_NH1,730.5784697532654,0.0003400809731889054,0.0010122112093940907,0.4308760230414746,2
fr_NH2,27.787839889526367,6.6403254003921665e-06,8.43929080659513e-05,0.20046096313364054,2
fr_Ndealkylation1,449.5929927825928,0.0007574610439802509,0.0027665826972156572,0.5875579907834101,2
fr_Ndealkylation2,394.0227062702179,0.000627474580521753,0.0023008165448196584,0.5622123456221199,2
fr_aldehyde,10346.81110548973,0.06466252858526046,0.08143482265827313,0.9815677741935483,2
fr_alkyl_carbamate,0.0,0.0,0.0,0.09907838479262673,2
fr_alkyl_halide,0.0,0.0,0.0,0.09907838479262673,2
fr_allylic_oxid,216.27979159355164,-1.2294261351014634e-05,0.0005492299256219148,0.17511548387096773,2
fr_amidine,125.70192003250122,0.00026012099667641617,0.0003624195802845382,0.3640555253456221,2
fr_aniline,26.668710231781006,3.37447432081972e-05,0.00016804823907010577,0.2442397603686636,2
fr_aryl_methyl,200.4463014602661,2.2414683017940586e-05,0.00013162792203372998,0.22580671889400925,2
fr_benzene,0.0,0.0,0.0,0.09907838479262673,2
fr_bicyclic,2174.1055557727814,0.001981773030544898,0.0066658362207743915,0.7741941612903226,2
fr_epoxide,1769.1115036010742,0.0059626410001058176,0.015699224791531786,0.9032263917050692,2
fr_ester,103.7000823020935,4.378939216758138e-05,0.00026066618952078524,0.2834103456221198,2
fr_ether,724.1893420219421,9.966861377215808e-05,0.0028197510666697415,0.4677423778801843,2
fr_furan,89.18707013130188,4.196559326513638e-05,9.202440665516038e-05,0.23963152073732719,2
fr_guanido,0.0,0.0,0.0,0.09907838479262673,2
fr_halogen,7.433560132980347,7.104412388381221e-08,3.7801432471122746e-07,0.1428572396313364,2
fr_imidazole,314.65077924728394,-5.084290096363242e-06,0.0002570601369286732,0.15437820737327188,2
fr_imide,225.26522874832153,2.5362137741313796e-05,0.0001831778930808999,0.23732747004608298,2
fr_ketone,9838.461768627167,0.048521907473438444,0.07084193482881423,0.9746553225806452,2
fr_ketone_Topliss,185.84476256370544,3.4956406273878303e-06,0.000604545890521542,0.26958551152073734,2
fr_lactam,334.8811411857605,0.0007274901142878875,0.0022067353826442956,0.5622123317972351,2
fr_lactone,97.35058069229126,1.550946264747277e-05,0.00018387395926061723,0.23041494470046084,2
fr_methoxy,231.9398181438446,0.0001413932514514493,0.0006615656271766617,0.3709680322580645,2
fr_morpholine,375.9168906211853,0.0008315346404497937,0.0014050569562859645,0.5115210967741936,2
fr_nitrile,94.52667880058289,5.332422377350432e-05,0.0002476826334735263,0.283410331797235,2
fr_nitro,0.0,0.0,0.0,0.09907838479262673,2
fr_nitro_arom,0.0,0.0,0.0,0.09907838479262673,2
fr_oxazole,325.5678472518921,0.00012205153159771664,0.0012927911777853552,0.3870971059907834,2
fr_oxime,18.89046025276184,-3.2707393715525336e-06,7.093675089536778e-05,0.11290334562211982,2
fr_para_hydroxylation,0.0,0.0,0.0,0.09907838479262673,2
fr_phenol,0.0,0.0,0.0,0.09907838479262673,2
fr_phenol_noOrthoHbond,0.0,0.0,0.0,0.09907838479262673,2
fr_piperdine,440.4775810241699,3.755800734094872e-05,0.0010034914988099643,0.3317976082949309,2
fr_piperzine,122.90178871154785,6.484390439555621e-05,0.000563152703371988,0.3202767142857143,2
fr_priamide,86.17328023910522,4.2289471490342125e-05,0.000312421112308792,0.28801861290322583,2
fr_pyridine,329.0445194244385,0.0006604075872480575,0.0017566081970766896,0.5276501105990783,2
fr_quatN,0.0,0.0,0.0,0.09907838479262673,2
fr_term_acetylene,7.969689846038818,-1.471964264254666e-07,1.1994459351073157e-06,0.10368674193548387,2
fr_tetrazole,61.2283501625061,1.900506130827484e-05,7.351261058629331e-05,0.20737343778801842,2
fr_unbrch_alkane,72.27296996116638,-6.8835048466275864e-06,5.271346698139454e-05,0.10368681105990783,2
fr_urea,52.02038025856018,-2.5510069995959837e-06,3.1081354979372255e-05,0.10599094009216589,2
cnt_C,253.13793754577637,3.823562816029913e-06,0.00019958009258708287,0.22580675115207374,2
cnt_N,700.7727484703064,0.0028496626616018594,0.008501107026512118,0.8294935161290322,2
cnt_O,181.6413197517395,6.799164919413236e-07,9.992461955528269e-05,0.1889403410138249,2
cnt_H,1663.523315668106,0.0028725835649188237,0.01590405802715846,0.8755766036866359,2
n_total_atoms,609.1101713180542,-2.3677350129813755e-06,0.00041408663943332685,0.1866363594470046,2
fc_abs_sum,28.117899894714355,-7.585291133697658e-05,0.0006103792587368039,0.16129046082949308,2
n_aromatic_atom,582.6716289520264,0.003058374273250214,0.01221817004004994,0.8617515622119815,2
n_ring_atom,993.1248936653137,0.0005553085246783995,0.0015407901036181982,0.5023046405529954,2
n_sp,7.9297099113464355,1.9551821890950728e-07,1.1686813396464825e-06,0.14976968663594473,2
n_sp2,98027.34498929977,0.38581020913772596,0.6048719419639035,1.000001,2
n_sp3,447.5483102798462,0.00041429099635638124,0.0017039188149106923,0.4953920875576037,2
n_deg1,332.78012204170227,-4.953864278918752e-05,0.0003474233472108811,0.14285748847926266,2
n_deg2,1124.713326215744,8.36675066768322e-05,0.0009456383075900712,0.3548392165898618,2
n_deg3,1481.4070179462433,0.00037953797538771704,0.002128623072020329,0.5138254377880185,2
n_deg4,293.57666969299316,-2.3982498316882372e-05,0.00042450583690930676,0.16589892626728112,2
n_pos_charge,0.0,0.0,0.0,0.09907838479262673,2
n_bonds,170.83456087112427,0.0016210291906502473,0.0033319302163383824,0.677419599078341,2
n_single,246.28125143051147,6.943891231679377e-05,0.0003744151634984054,0.30875605529953914,2
n_double,1855.971049785614,0.009791313095653498,0.021584205428031255,0.9308761705069124,2
n_triple,0.0,0.0,0.0,0.09907838479262673,2
n_arom_bond,0.0,0.0,0.0,0.09907838479262673,2
n_conj_bond,15481.503356218338,0.19524167450699328,0.1866852955379045,0.9953926912442397,2
n_ring_bond,954.3451247215271,0.000714130334919455,0.004041263136874729,0.6244244516129033,2
max_ring_size,2635.7080206871033,0.009264534467594721,0.024793054084879747,0.9331803594470046,2
n_carbo_ring,12.56309986114502,1.6231077389350368e-06,2.546702329472331e-05,0.17281117050691244,2
ring_3,834.4904713630676,0.0012344233260252412,0.0025838370687460313,0.6267285714285714,2
ring_4,882.4046919345856,0.0015883281463289379,0.00412596116206458,0.7027654423963133,2
ring_5,1323.5383644104004,0.0028654850601939896,0.008763988686696622,0.836406064516129,2
ring_6,326.9914605617523,0.00012851442851461448,0.0006620865881428012,0.3617514884792627,2
ring_7,24.70738983154297,-3.450394255882783e-06,1.724871702494841e-05,0.09447017050691245,2
ring_8,0.0,0.0,0.0,0.09907838479262673,2
r_hetero,308.2769310474396,7.30935709243985e-05,0.000630877190348391,0.33640584331797235,2
r_aromatic_atom,155.25340127944946,7.875390874068077e-06,0.0004076398662457992,0.26036889861751156,2
r_ring_atom,953.8711166381836,0.0001672397545905868,0.0011318571996577305,0.41244288018433184,2
r_sp,92.03994131088257,7.147621232272971e-07,4.0743407467551595e-05,0.17281124884792626,2
r_sp2,1762.7333796024323,0.005414972131404694,0.011922440333848459,0.8801849124423964,2
r_sp3,3296.1247441768646,0.0043866751429809,0.026004424712496064,0.9078347741935483,2
r_double,1331.6869339942932,0.00169684152175818,0.008353959848011523,0.7857148248847927,2
r_triple,287.94665241241455,0.00012376318506468476,0.00047531272736935787,0.3387099815668203,2
r_arom_bond,66.07860040664673,3.715789643773393e-05,0.00010944602269745666,0.2419356543778802,2
r_conj_bond,10694.499285459518,0.027775824533754784,0.03763903380907089,0.9585263041474655,2
r_multiple,2856.929501056671,0.018183003574376515,0.038876787974972515,0.9562218433179722,2
MaxAbsEStateIndex,6862.9836602211,0.001664666931518294,0.005398602166845206,0.7373280506912442,3
MinAbsEStateIndex,10360.278979063034,0.00037548318899013335,0.0035361136019937006,0.5806461198156682,3
MinEStateIndex,6218.093881607056,0.0005172794872725817,0.002307881986630932,0.562212801843318,3
qed,12209.791733264923,0.002721617510565033,0.007301713535817328,0.806452594470046,3
SPS,4442.611557722092,0.0010876564570328929,0.004085244694669367,0.6774200967741936,3
MolWt,3407.9218049049377,-7.063598907748325e-05,0.001442735401805946,0.22580713824884796,3
HeavyAtomMolWt,1470.452739238739,-0.00029673427044309977,0.0017217595422726055,0.23732774193548387,3
ExactMolWt,45.00049018859863,6.361592599646304e-07,1.0057593087782941e-05,0.15898631797235024,3
NumValenceElectrons,726.5780186653137,0.000968887176765848,0.002500504408703228,0.6198161013824884,3
MaxPartialCharge,10506.646008014679,0.004654935604098654,0.012444070429253214,0.8732728525345622,3
MinPartialCharge,7506.705870628357,0.0014183024210491723,0.007776899937472389,0.7626737050691244,3
MaxAbsPartialCharge,6491.328204154968,0.008882743175420982,0.02699671960728786,0.9354847188940093,3
MinAbsPartialCharge,4247.4763560295105,0.004066425659107681,0.011606212083444797,0.8594477373271889,3
FpDensityMorgan1,3668.9014661312103,0.000314734612173867,0.0017188638118097294,0.4815675161290322,3
FpDensityMorgan2,3985.4166951179504,0.0005283358565963736,0.0025479465753355055,0.5875583225806451,3
FpDensityMorgan3,5086.877833366394,0.00042963238195696253,0.004313170907749044,0.6082957096774194,3
BCUT2D_MWHI,9714.630091428757,0.007125941923095225,0.017730892414206785,0.9078350506912441,3
BCUT2D_MWLOW,11371.932547092438,0.009771352509235864,0.026425020034827783,0.9377889907834102,3
BCUT2D_CHGHI,7346.997010469437,0.0025778175137665003,0.009159032366641699,0.8179732304147466,3
BCUT2D_CHGLO,8646.18007183075,0.002579970438109813,0.007342099564658326,0.8064525437788018,3
BCUT2D_LOGPHI,7457.506254434586,0.0010696361419006318,0.003647697718994771,0.6728119447004608,3
BCUT2D_LOGPLOW,10903.913025856018,0.004160992692380017,0.009444390805636742,0.852535529953917,3
BCUT2D_MRHI,24694.340228796005,0.0929034620436644,0.10294441966701462,0.9884802580645161,3
BCUT2D_MRLOW,9472.041267871857,0.00829965487176787,0.022956739841490763,0.9239640783410138,3
AvgIpc,8833.93307352066,0.0024748906106212276,0.008368094158527472,0.8110608433179723,3
BalabanJ,7486.036073923111,0.0013234919564749648,0.0044711842503163185,0.691245129032258,3
BertzCT,16156.410527467728,0.033782599745627605,0.06427132277334777,0.9723512165898618,3
Chi0,1624.1259136199951,3.837968492463317e-05,0.001170681707266815,0.3456227004608295,3
Chi0n,5179.786301612854,0.00014311674038963718,0.0017402052261843517,0.437788801843318,3
Chi1,5281.655592679977,0.0005227904208538192,0.0063704410914421404,0.6705077050691245,3
Chi1n,4527.067791700363,-0.00010614902149967409,0.0018005043436918316,0.2488486728110599,3
Chi2n,5077.583022117615,0.0005448843558798655,0.0024862642372956135,0.5806459354838709,3
Chi3n,4684.571199655533,0.0002586605752627813,0.002511853639791123,0.5230422304147465,3
Chi4n,5054.306229352951,9.322364539542937e-05,0.0025307277917729384,0.4769592949308756,3
HallKierAlpha,5614.561232328415,0.025940233122964902,0.05704587738878947,0.967742737327189,3
Ipc,6251.358973264694,0.00033720637085777325,0.0032799355538205358,0.5691252488479263,3
Kappa1,2791.1913924217224,0.00026049088928100094,0.0019254800768447452,0.5000006497695852,3
Kappa2,4044.1948664188385,0.0019591314335893175,0.004573980028625554,0.7396320599078342,3
Kappa3,6712.580148696899,0.0036152303300058864,0.008132185805169154,0.8317980921658985,3
LabuteASA,3120.415776014328,0.00010161263392432506,0.0012363995245893696,0.3778808479262673,3
PEOE_VSA1,3727.2244713306427,0.00015949414679987118,0.001715565297107998,0.43318042396313367,3
PEOE_VSA10,6181.403124809265,0.0007861716633922988,0.003280848949189757,0.6405538110599078,3
PEOE_VSA11,3812.0785393714905,0.0013998770897678536,0.006507613837541837,0.7419361889400922,3
PEOE_VSA12,3255.3757429122925,0.00085276366699788,0.004182899070955353,0.6589868525345622,3
PEOE_VSA13,1616.0624282360077,0.0002441637499773108,0.002719860203932585,0.5299544838709678,3
PEOE_VSA14,2650.2544486522675,0.008220902658612288,0.017219840691465718,0.9032264423963134,3
PEOE_VSA2,4380.290087223053,0.0029764370880772106,0.006816067006650436,0.8110606451612904,3
PEOE_VSA3,1554.3183076381683,0.0003988118944315333,0.003128381629109412,0.5760374239631337,3
PEOE_VSA4,1270.1871540546417,0.0006902631597367703,0.002834905793663903,0.6175120506912443,3
PEOE_VSA5,951.6062386035919,0.0008495183871477629,0.0029634066346365625,0.6313368847926267,3
PEOE_VSA6,3272.741320848465,0.0027242861948091335,0.01086384511059829,0.8387103594470046,3
PEOE_VSA7,5052.6501796245575,0.0018356370487166596,0.01034721962213558,0.8179731152073734,3
PEOE_VSA8,7264.832338809967,0.001349367740373819,0.006186215128967438,0.7258073271889401,3
PEOE_VSA9,7795.392061471939,0.0017000302850543603,0.005665539432436369,0.7488488248847927,3
SMR_VSA1,1637.8126730918884,5.2961995480022006e-05,0.0012380491323106184,0.3640558847926267,3
SMR_VSA10,6462.465856790543,0.017240159012010953,0.0328330784806844,0.9562220368663593,3
SMR_VSA2,1012.8659241199493,0.0009571256390792093,0.006899482925910759,0.7258069539170507,3
SMR_VSA3,3852.4538593292236,0.006711430176599864,0.020615936765931958,0.9078348110599078,3
SMR_VSA4,1826.3406014442444,0.0004341287390437876,0.0030205004973164837,0.5829499032258064,3
SMR_VSA5,5363.781919002533,0.0013704657323060586,0.008979808814699144,0.7672819032258064,3
SMR_VSA6,2978.4275732040405,0.0005874646542392059,0.0024313036253794497,0.5852541152073732,3
SMR_VSA7,3441.2585310935974,0.006872196216960863,0.018371956277871034,0.9078347926267281,3
SMR_VSA9,1009.6235206127167,1.3219503139227928e-05,0.0006016279393155227,0.28801893087557606,3
SlogP_VSA1,2725.93559384346,0.0018229869849720748,0.006112754711848813,0.7580651612903225,3
SlogP_VSA10,886.0468201637268,0.0005496018363276234,0.0014583504694707994,0.5138253548387097,3
SlogP_VSA11,628.0110828876495,0.0004032895709205397,0.0009760103261949158,0.4377884285714286,3
SlogP_VSA2,8384.751241922379,0.007669935085140317,0.030631326380402668,0.9331806451612903,3
SlogP_VSA3,1431.6492204666138,0.00020936691770120363,0.0018661383546733337,0.47004663133640556,3
SlogP_VSA4,2710.81249666214,0.0003876860112185021,0.0013394432661598553,0.4562218387096774,3
SlogP_VSA5,3888.4177730083466,0.0038799084325746524,0.016072486106275388,0.8709684562211981,3
SlogP_VSA6,5180.695233106613,0.013699428141352837,0.03291559639172662,0.9562219861751151,3
SlogP_VSA8,180.71282958984375,-1.2738643780429992e-05,0.00051822944977583,0.1889403456221198,3
TPSA,6573.643363714218,0.002734944650226856,0.009391380063343564,0.8341022350230415,3
EState_VSA1,1894.5627579689026,8.126820577992744e-05,0.0010409169298873815,0.3617517511520737,3
EState_VSA10,253.55249166488647,-2.0239686132128564e-06,0.0002381008880999813,0.17050721658986173,3
EState_VSA2,4998.477947950363,0.00019708345594427468,0.002795356524453615,0.5184339400921659,3
EState_VSA3,6478.458127260208,0.00036122042655010176,0.0026649007131986395,0.5506920875576037,3
EState_VSA4,4675.582314729691,-9.83749247543797e-05,0.0013644217329840764,0.21198231797235023,3
EState_VSA5,3127.275298833847,2.950616975463394e-05,0.0011721039105934406,0.336406198156682,3
EState_VSA6,2341.2883298397064,-1.519013930406654e-06,0.001862418698706306,0.3110605391705069,3
EState_VSA7,2266.550877571106,0.00033243863957739815,0.002131104171065289,0.518433797235023,3
EState_VSA8,5685.125913619995,0.0005079842314574034,0.006727964215911787,0.6682035714285715,3
EState_VSA9,3128.1153087615967,0.00021302805592958717,0.0015261651104461823,0.44009283870967747,3
VSA_EState1,4183.420918464661,0.000690753239498404,0.0023985010068743647,0.5921666267281106,3
VSA_EState2,8211.442422389984,0.012555700550168098,0.033761209206318206,0.9562221152073733,3
VSA_EState3,6357.380934715271,0.0016157820411864476,0.006892700314224839,0.7649777926267282,3
VSA_EState4,7237.025616168976,0.002233829896960732,0.0067424405582101445,0.7880193041474655,3
VSA_EState5,7830.378050088882,0.0015410338257376254,0.005214501653029249,0.7211990599078341,3
VSA_EState6,6255.299946784973,0.0020085861470729217,0.005565389797002284,0.7626736405529954,3
VSA_EState7,8142.9277358055115,0.0009403724985457384,0.004197806612099373,0.665899529953917,3
VSA_EState8,6991.898624897003,0.0009703918008617529,0.002748873855809347,0.640553861751152,3
VSA_EState9,2953.7922716140747,0.0009703574661378056,0.006191975293144635,0.7119822211981567,3
FractionCSP3,11460.309681892395,0.08470127999724837,0.1265853793634248,0.9884802396313364,3
HeavyAtomCount,0.0,0.0,0.0,0.10599082258064516,3
NHOHCount,422.22451972961426,2.7583002998865513e-05,0.00010222871109780045,0.23502341935483873,3
NOCount,148.8238389492035,-3.1325900485540405e-05,0.0009232656348445621,0.19585277419354838,3
NumAliphaticCarbocycles,706.9616158008575,0.0005780132352902701,0.0021647492393288958,0.5760372949308756,3
NumAliphaticHeterocycles,1290.8251509666443,0.0015758200180519323,0.007827671246623827,0.771889935483871,3
NumAliphaticRings,315.33795261383057,0.00046561946251328924,0.0014903376568473005,0.4907837419354839,3
NumAmideBonds,1639.252525806427,0.005048571704153559,0.017550098133682548,0.891705658986175,3
NumAromaticCarbocycles,0.0,0.0,0.0,0.10599082258064516,3
NumAromaticHeterocycles,87.58091926574707,-8.49421208415413e-05,0.0015175812198949554,0.2304149262672811,3
NumAromaticRings,338.85248255729675,0.0014690134646801912,0.004682986238683786,0.7119819124423963,3
NumAtomStereoCenters,1175.3305084705353,0.00048403866916877926,0.003431458688384696,0.601383004608295,3
NumBridgeheadAtoms,776.2596092224121,0.0018323751446606752,0.005317389679382193,0.7488483732718895,3
NumHAcceptors,1077.5732674598694,0.0016884300935978646,0.009324565880378756,0.7926272396313364,3
NumHDonors,384.84200143814087,3.499680424967067e-05,0.0013075298266454725,0.35483906451612907,3
NumHeteroatoms,25.184439659118652,-3.206991019860661e-06,5.50355288750183e-05,0.11520747926267282,3
NumHeterocycles,484.17854022979736,0.0004042086294755665,0.002540458385128551,0.5599082258064517,3
NumRotatableBonds,1421.7312519550323,0.0006147488857062066,0.0036142689192262137,0.6336410921658986,3
NumSaturatedCarbocycles,787.7901225090027,0.001577449621952992,0.004608987966543392,0.7165903133640553,3
NumSaturatedHeterocycles,602.8534302711487,0.0002444135348870391,0.0019253474740443506,0.4930879631336405,3
NumSaturatedRings,564.8365795612335,0.001808389978317637,0.005595415350852305,0.7511524700460829,3
NumSpiroAtoms,421.67452788352966,9.8420371880098e-05,0.0014129855296321403,0.3986178847926267,3
Phi,2306.314822912216,0.0004678838141220831,0.002068963822611208,0.5437794239631337,3
RingCount,30.721839427947998,2.4091971760287213e-06,3.3869285554662676e-05,0.17050703225806452,3
MolLogP,8471.53621006012,0.006537104293499257,0.025311368966046507,0.9124433225806452,3
MolMR,6143.628204345703,-0.00010964459891158463,0.003171129911351032,0.31797316129032255,3
fr_Al_COO,16.134400367736816,-1.9854955249254402e-05,4.763646160229604e-05,0.09216599078341015,3
fr_Al_OH,107.86796021461487,-1.6072413069417868e-05,8.4620542649272e-05,0.11520757603686636,3
fr_Al_OH_noTert,246.58088088035583,-1.9571646723004488e-06,0.00025379851099778365,0.1774196405529954,3
fr_ArN,34.14532995223999,1.5595933042444887e-05,5.665331911384086e-05,0.2027651013824885,3
fr_Ar_COO,0.0,0.0,0.0,0.10599082258064516,3
fr_Ar_N,387.64959383010864,0.00019342752948625085,0.0019230632463488506,0.4700464423963133,3
fr_Ar_NH,758.0734825134277,0.0013608852889896716,0.004732751398776976,0.7073737096774193,3
fr_Ar_OH,830.3121953010559,7.409040679112744e-06,0.0005144990422831304,0.26267326728110596,3
fr_COO,0.0,0.0,0.0,0.10599082258064516,3
fr_C_O,35.1935601234436,1.1365162646614913e-05,0.00020823676132204546,0.23732731797235024,3
fr_HOCCN,28.273380279541016,-1.0072435229263598e-05,0.00010576790708014708,0.1359448156682028,3
fr_Imine,257.91406989097595,1.888685052968131e-05,0.0006630052584356396,0.2949311843317972,3
fr_NH0,880.6198976039886,-3.8364145594321776e-05,0.0013719283618096694,0.22811106451612903,3
fr_NH1,654.8518486022949,-5.918864775866783e-06,0.0004547049440897585,0.1866363594470046,3
fr_NH2,22.047100067138672,3.790196099506815e-06,1.338963516284446e-05,0.168202866359447,3
fr_Ndealkylation1,332.55845880508423,0.0002641545474265317,0.0018508430740125563,0.48847960368663595,3
fr_Ndealkylation2,300.8228991031647,0.0007232075534147064,0.0016776498259360442,0.546083267281106,3
fr_aldehyde,9925.762110471725,0.07475184346078474,0.08617277022026756,0.9815677741935483,3
fr_alkyl_carbamate,3.9043800830841064,2.478629284596856e-08,3.3889368482449653e-07,0.14516136866359444,3
fr_alkyl_halide,0.0,0.0,0.0,0.10599082258064516,3
fr_allylic_oxid,104.24365854263306,7.730851931085914e-05,0.00016295244036680835,0.28110618894009215,3
fr_amidine,250.75275921821594,8.643657514617597e-06,0.000682763988901521,0.28341043778801844,3
fr_aniline,59.38902044296265,2.973897393394598e-05,9.958706258735864e-05,0.2373273502304147,3
fr_aryl_methyl,66.11786937713623,1.2201628283542431e-05,5.599610294904787e-05,0.19585270506912444,3
fr_benzene,0.0,0.0,0.0,0.10599082258064516,3
fr_bicyclic,2010.6040132045746,0.0011951514256511476,0.006289147628768778,0.7258070645161291,3
fr_epoxide,1422.6689615249634,0.0065619042997552505,0.015080402055573443,0.8870973179723503,3
fr_ester,142.185528755188,2.0285925857049803e-05,0.000448670792454438,0.2741937788018433,3
fr_ether,181.89974880218506,0.00028795729325140627,0.0020640553029490074,0.5092168479262672,3
fr_furan,316.6457281112671,0.00012014619092707291,0.0004696010306909187,0.33640586635944697,3
fr_guanido,0.0,0.0,0.0,0.10599082258064516,3
fr_halogen,0.0,0.0,0.0,0.10599082258064516,3
fr_imidazole,248.63783049583435,0.00018380311046017339,0.0005588620050610374,0.36175144239631335,3
fr_imide,47.95989990234375,-5.896098764501811e-07,7.779375643872864e-06,0.11059923041474654,3
fr_ketone,9188.512613773346,0.049149587701702566,0.07749115557047308,0.976959465437788,3
fr_ketone_Topliss,113.07245016098022,-1.4382232234633197e-05,0.0003980285809782578,0.17050712442396312,3
fr_lactam,358.0487070083618,0.00023579322570214112,0.0019138766103845445,0.47926302304147467,3
fr_lactone,113.76230001449585,3.698602974137044e-05,0.00031242734860052187,0.28571450230414747,3
fr_methoxy,93.17767906188965,6.968642140670056e-06,0.00014350749548401018,0.21659004608294932,3
fr_morpholine,143.37398862838745,0.00021935121691255,0.0006796127731838778,0.38018456682027646,3
fr_nitrile,110.79489994049072,6.751192764612446e-05,0.0004587629421734458,0.31566841013824887,3
fr_nitro,0.0,0.0,0.0,0.10599082258064516,3
fr_nitro_arom,0.0,0.0,0.0,0.10599082258064516,3
fr_oxazole,187.7088897228241,0.0002812597682010587,0.000738722325337843,0.40553021658986177,3
fr_oxime,36.244590044021606,-1.0181411249676753e-05,9.143123267409597e-05,0.12672824423963133,3
fr_para_hydroxylation,0.0,0.0,0.0,0.10599082258064516,3
fr_phenol,0.0,0.0,0.0,0.10599082258064516,3
fr_phenol_noOrthoHbond,0.0,0.0,0.0,0.10599082258064516,3
fr_piperdine,565.8160810470581,0.00024109275549581976,0.0013550842545014075,0.4308759769585253,3
fr_piperzine,250.05061960220337,0.0004868604025117684,0.001296227451803737,0.4746546728110599,3
fr_priamide,165.60346817970276,4.2697419770287846e-05,0.00024229789153226526,0.28571453456221196,3
fr_pyridine,395.0584816932678,0.00023745963087563605,0.0015357696057527318,0.451613267281106,3
fr_quatN,4.099480152130127,-2.017543998236171e-05,1.8971932345338878e-05,0.0852535391705069,3
fr_term_acetylene,28.217400550842285,9.956961449525403e-06,8.143651829579473e-05,0.20046094009216592,3
fr_tetrazole,95.72717928886414,0.00010826848899604946,0.00014154087666917847,0.2903227741935484,3
fr_unbrch_alkane,211.2490794658661,1.1825597823744704e-05,7.34081165058593e-05,0.20046111059907834,3
fr_urea,50.95246958732605,2.0552747897212286e-05,0.00013018868651472869,0.23271905069124424,3
cnt_C,130.4914689064026,-1.414831582132181e-05,7.576924946976791e-05,0.11520759447004608,3
cnt_N,1044.7776415348053,0.0033950594172595383,0.012403476917755908,0.8571433640552996,3
cnt_O,134.5853292942047,4.4644492025752716e-05,0.00013873264971795758,0.26497718433179723,3
cnt_H,1956.7332136631012,0.0028377545004113656,0.017703247062065375,0.8709683456221198,3
n_total_atoms,678.1547114849091,-6.734996597448917e-05,0.0003878472146495971,0.14516171428571428,3
fc_abs_sum,47.513540267944336,0.0007341755711428088,0.0012526902913984844,0.5092167373271889,3
n_aromatic_atom,671.3809852600098,0.004451809635122583,0.013828985588377637,0.8732723087557605,3
n_ring_atom,864.8341598510742,0.0005300509073566162,0.0018326689172070163,0.5414751152073732,3
n_sp,19.77348017692566,9.433170043093852e-07,5.359820455596689e-06,0.15668212442396312,3
n_sp2,96900.82430958748,0.3528778349539573,0.5701883640907305,1.000001,3
n_sp3,407.7448024749756,-9.786189346181474e-05,0.0009069670050719808,0.17741972350230414,3
n_deg1,306.3800926208496,4.130066419588685e-05,0.00017605805181995,0.2718897235023041,3
n_deg2,1183.7680222988129,4.699384209334023e-05,0.0009806393681726796,0.3479267880184332,3
n_deg3,1248.9033312797546,0.00016413345909362941,0.0015510101189508121,0.43087610138248844,3
n_deg4,274.1702404022217,-1.9831757904770207e-05,0.0005451531158940367,0.18202796313364056,3
n_pos_charge,0.0,0.0,0.0,0.10599082258064516,3
n_bonds,199.1229088306427,0.0003923837155484666,0.0015265333457014747,0.48387124423963135,3
n_single,308.910338640213,7.754030484256048e-05,0.000551705879481119,0.3317975622119816,3
n_double,1576.0147919654846,0.0049922653534174855,0.017253522768594258,0.88709733640553,3
n_triple,0.0,0.0,0.0,0.10599082258064516,3
n_arom_bond,0.0,0.0,0.0,0.10599082258064516,3
n_conj_bond,16379.206414699554,0.20927008268137767,0.20008084231106985,0.9953926958525345,3
n_ring_bond,771.0373408794403,0.0009354822260543516,0.0021431513242594854,0.5990787834101383,3
max_ring_size,2325.6287093162537,0.009652360813012555,0.02258297909574157,0.9262679078341014,3
n_carbo_ring,39.20084047317505,2.936927707419823e-07,0.00023138417298445058,0.21889414746543778,3
ring_3,423.13426971435547,0.00016870769343430014,0.0013415152891310851,0.40553033640553,3
ring_4,887.4823775291443,0.0018331659322256722,0.004702107065472105,0.7419359585253457,3
ring_5,954.780291557312,0.0006289026616731697,0.0017811154483904142,0.5506917281105991,3
ring_6,439.623811006546,0.0005178675033446822,0.0010607832200330508,0.4677423225806452,3
ring_7,9.048060178756714,-1.8974728092091552e-07,4.126407298411895e-06,0.10829501843317972,3
ring_8,61.92373037338257,-4.237638151878831e-05,0.00025746288520739455,0.14055316129032258,3
r_hetero,191.72840237617493,2.387832981058935e-05,0.000173001483474445,0.25115234101382483,3
r_aromatic_atom,81.25108051300049,2.060993721820781e-05,7.115174729150161e-05,0.21428588940092166,3
r_ring_atom,986.643392086029,0.00017191045848665153,0.0007667524973811222,0.3732723824884793,3
r_sp,194.87398171424866,-2.3736345235397803e-05,0.00013439282921303526,0.1198159400921659,3
r_sp2,975.7127089500427,0.0009766443032960925,0.005310158860523378,0.6981571705069125,3
r_sp3,1619.5600123405457,0.0017916564149910719,0.009470118553303875,0.8041480368663595,3
r_double,1620.8540606498718,0.002730505133530181,0.0117592204570301,0.8456226958525345,3
r_triple,158.86563062667847,-3.141823586048642e-05,0.0001992714231037997,0.13133664976958523,3
r_arom_bond,95.6531891822815,3.488419156914002e-05,0.0003513078601757273,0.2834103271889401,3
r_conj_bond,8079.909538269043,0.01751283385532675,0.02762128066136955,0.9539179585253456,3
r_multiple,1962.823100566864,0.011384423317273096,0.024611643450988117,0.9354844792626729,3
MaxAbsEStateIndex,7239.84658741951,0.0013603352159286374,0.005131575787448767,0.7534570967741936,4
MinAbsEStateIndex,10650.677490472794,-8.096147848709046e-05,0.0033506897633490463,0.33410235483870965,4
MinEStateIndex,6714.015824317932,0.0004893166992991805,0.003280109585593405,0.6129040875576037,4
qed,11834.05123591423,0.0016341078800489127,0.006351591923293724,0.7949318571428572,4
SPS,5194.127353429794,0.0004676393344614782,0.005063311131855898,0.6543786589861752,4
MolWt,4014.0448327064514,0.000515178383641407,0.002324837700467211,0.5737334331797235,4
HeavyAtomMolWt,1735.2119615077972,-4.5834020355822735e-05,0.0008143679967626647,0.20276557142857143,4
ExactMolWt,27.809250116348267,-1.1929139701866154e-05,6.966713897968932e-05,0.10599090322580647,4
NumValenceElectrons,632.181619644165,-2.9870166086826133e-05,0.0003829991721387852,0.16129074654377878,4
MaxPartialCharge,10300.528700351715,0.00385284372111947,0.012364638721853758,0.866360405529954,4
MinPartialCharge,8136.539373874664,0.002779004531172019,0.0085172856962868,0.8387105806451612,4
MaxAbsPartialCharge,4970.363208770752,0.004009338836725912,0.015372448452784066,0.8847933824884792,4
MinAbsPartialCharge,5013.862599134445,0.0041297952013029104,0.017768483101100317,0.8986182718894009,4
FpDensityMorgan1,3775.0692341327667,0.00011151732180753605,0.0012265888798383892,0.3940099216589862,4
FpDensityMorgan2,4183.257240056992,0.0012559399019816842,0.002707733411809603,0.6682034838709677,4
FpDensityMorgan3,4582.313587665558,0.0003973004466446939,0.0031528345927864616,0.5875583456221197,4
BCUT2D_MWHI,10284.321471691132,0.007089229483524173,0.01683188921148655,0.9124433502304148,4
BCUT2D_MWLOW,10782.840832710266,0.01098033771249684,0.025395903503426926,0.9354848479262673,4
BCUT2D_CHGHI,6404.869224309921,0.0014093915632072073,0.006413928938790084,0.7811068479262673,4
BCUT2D_CHGLO,9168.402453899384,0.002126706146237023,0.008702234813796037,0.8271898617511521,4
BCUT2D_LOGPHI,7117.6173593997955,0.0014183488853819481,0.003023380971906012,0.6912451105990783,4
BCUT2D_LOGPLOW,10636.689282178879,0.002822345071436988,0.009256661954464738,0.8502313824884793,4
BCUT2D_MRHI,26599.06708264351,0.10941523723804292,0.10914121691403694,0.990784405529954,4
BCUT2D_MRLOW,9400.641305446625,0.0030053663764904757,0.012979692920070472,0.8617520829493088,4
AvgIpc,9993.498080253601,0.003623378191004728,0.010206906658645602,0.8594479493087558,4
BalabanJ,8038.447210788727,0.0021728024912468615,0.006112195738025321,0.7995400691244239,4
BertzCT,14570.420817136765,0.025969944097391718,0.06365974369041104,0.9631346267281107,4
Chi0,1701.1050779819489,0.00024256119813764743,0.0008244664585417024,0.4308761612903225,4
Chi0n,5021.528414011002,0.00023275950364271548,0.0017807839629776015,0.47235099539170505,4
Chi1,5401.314918041229,0.0004992133138362442,0.006314788772024193,0.686636732718894,4
Chi1n,5114.608030796051,-0.00015493760067970542,0.0017777614668567734,0.23041552073732718,4
Chi2n,5035.576202630997,0.0004896785102660838,0.0023760942719879344,0.5714293410138248,4
Chi3n,4410.489082574844,0.0002551228208003853,0.0015070113320175473,0.4746551152073733,4
Chi4n,4615.984940767288,0.0007350962075566958,0.0024874285115165672,0.6013832350230415,4
HallKierAlpha,10490.713832378387,0.0655582104582457,0.09858841738809396,0.9861760783410137,4
Ipc,8037.510307312012,0.0005708675804661223,0.0043851386184509044,0.6566829216589861,4
Kappa1,3037.547791481018,0.0014650128162366992,0.004628225490989335,0.7442402903225805,4
Kappa2,3552.6113634109497,0.0007677611891141467,0.004885232354235715,0.6889407788018432,4
Kappa3,5956.815049409866,0.000828445673220013,0.007466025824530002,0.7350238755760369,4
LabuteASA,3527.583197593689,0.00015663805018600874,0.0013543856689657609,0.4285721105990783,4
PEOE_VSA1,4259.739192485809,0.00010425599453701695,0.0018044310818254676,0.42165970967741934,4
PEOE_VSA10,5895.987140893936,0.001177961041883052,0.003781263794985132,0.6958533594470045,4
PEOE_VSA11,3618.7673604488373,0.0010728261924220328,0.003967894732412583,0.6958532304147466,4
PEOE_VSA12,2086.9488916397095,0.0002619411810577732,0.0012737620210848022,0.4677425483870968,4
PEOE_VSA13,1718.65269613266,0.0009070056073473664,0.0031548178569830924,0.654378470046083,4
PEOE_VSA14,2244.0105862617493,0.005279698214583873,0.01342455797911568,0.8847932488479262,4
PEOE_VSA2,3560.301693201065,0.0012185208716184003,0.0038076045691265072,0.7004615207373273,4
PEOE_VSA3,880.1569406986237,0.0001229867890504721,0.0013348108637436231,0.4124428801843318,4
PEOE_VSA4,882.5764033794403,0.00020653427550859082,0.0016127606393443721,0.45161339170506914,4
PEOE_VSA5,1118.5415110588074,0.0005557409158783166,0.003574554170729306,0.6336410737327188,4
PEOE_VSA6,3245.707290172577,0.0015215559923472844,0.007506362610949101,0.7995398479262673,4
PEOE_VSA7,5434.164477825165,0.002431443631551777,0.008711680834563055,0.8410146175115208,4
PEOE_VSA8,7629.125155210495,0.0008895999862974291,0.00478954257063412,0.6958534193548387,4
PEOE_VSA9,7857.460864543915,0.0013780717287493415,0.005116893875178362,0.7534571105990784,4
SMR_VSA1,1469.4411668777466,1.0959933393450694e-05,0.0006423355273806618,0.28341069585253453,4
SMR_VSA10,6351.58478975296,0.014025753481822095,0.030636915577239732,0.9470054562211981,4
SMR_VSA2,1342.9437365531921,0.0022561612200877267,0.006638094349174476,0.8133646036866359,4
SMR_VSA3,3130.843228340149,0.0072948517396907945,0.018727775497616048,0.9193555069124425,4
SMR_VSA4,2244.2666294574738,0.0005691628635138112,0.002609822839420044,0.5944706728110599,4
SMR_VSA5,5541.060492992401,0.00043210457179609365,0.006971788238631358,0.684332594470046,4
SMR_VSA6,3240.178412437439,0.00010607091881888464,0.0030173178633114877,0.49078408294930875,4
SMR_VSA7,2703.694153547287,0.003078851130307686,0.01561516241790438,0.8801849769585254,4
SMR_VSA9,566.1690609455109,3.4574616686006146e-05,0.00032670259716792053,0.2672815161290323,4
SlogP_VSA1,1681.2125849723816,0.0008423043876082282,0.0055496165032603035,0.7119821428571428,4
SlogP_VSA10,627.5612194538116,1.8451034565730717e-05,0.0006052690768000249,0.2857147050691244,4
SlogP_VSA11,238.42316889762878,4.715354156025198e-05,0.0006700849239287212,0.32718923963133645,4
SlogP_VSA2,9218.31274485588,0.011645070816493958,0.03421735037280031,0.9470055345622119,4
SlogP_VSA3,1661.0386984348297,0.0005203506645902855,0.0033649238975340767,0.6290328294930876,4
SlogP_VSA4,3060.657760620117,0.0003979391194497917,0.0014012276481758475,0.49769651612903226,4
SlogP_VSA5,3894.20733499527,0.002321170305703385,0.015209837410632837,0.86405600921659,4
SlogP_VSA6,4267.576778888702,0.009206541326514195,0.03273129510478213,0.9400928940092165,4
SlogP_VSA8,145.55559873580933,0.0002563020598577048,0.0010857783739604938,0.4516131290322581,4
TPSA,5938.39902305603,0.001563150425843024,0.011254087507917567,0.8248856221198156,4
EState_VSA1,1696.4061636924744,8.077822241591149e-05,0.001035553365149073,0.3663600276497696,4
EState_VSA10,345.57682943344116,-9.669372652649777e-05,0.0005435219752804225,0.15898652534562213,4
EState_VSA2,5669.173418998718,0.0006055145536221273,0.003971364334384828,0.6520745391705068,4
EState_VSA3,5570.949188709259,0.00020674430222555328,0.0020370105987417573,0.4746551797235023,4
EState_VSA4,5328.252454280853,0.00037484746196183026,0.0021533044419159092,0.5322588479262672,4
EState_VSA5,2768.0516045093536,5.15927194779664e-05,0.001270760902279752,0.3686642442396313,4
EState_VSA6,2167.1919577121735,8.394393351100482e-05,0.003106016568184083,0.4815674377880184,4
EState_VSA7,1897.8170065879822,0.0003212375356411223,0.001438071392577508,0.488479866359447,4
EState_VSA8,5702.280003070831,0.000686899526443474,0.00783687940029225,0.7281114101382488,4
EState_VSA9,3753.6806621551514,0.00020567645919001843,0.0022385765172352697,0.4907841105990784,4
VSA_EState1,4346.585049152374,0.0002021776478037529,0.0022253603201012806,0.48156755299539167,4
VSA_EState2,8280.015323162079,0.013944215150638133,0.03536765087785672,0.9516138156682028,4
VSA_EState3,6190.451746940613,0.0004100575619559677,0.003998067639292291,0.6244248064516129,4
VSA_EState4,5709.505388021469,0.0020309932309265422,0.00601640993936539,0.7880192488479263,4
VSA_EState5,7500.138206481934,0.002278763442257137,0.0071579932643996026,0.8202773778801843,4
VSA_EState6,4842.060262441635,0.001006403511917664,0.00326282222187995,0.6728118110599078,4
VSA_EState7,9789.352833032608,0.0006730531465228617,0.004094414257090716,0.6612912580645162,4
VSA_EState8,6727.580201387405,0.00011243811504905166,0.002233059759542295,0.4585262119815668,4
VSA_EState9,2366.688848733902,0.0010295482274567391,0.005234859329767406,0.7304153778801843,4
FractionCSP3,6011.160232543945,0.04873044966995757,0.06857814991644832,0.9700469216589861,4
HeavyAtomCount,0.0,0.0,0.0,0.10599082949308755,4
NHOHCount,272.2722587585449,-1.025843952572325e-05,0.00010796402640664143,0.11981599539170507,4
NOCount,188.97309112548828,0.00021394597638016433,0.0007160678092715581,0.41013849769585253,4
NumAliphaticCarbocycles,560.4407920837402,0.0003627494861351777,0.0020219059000792746,0.5161294377880185,4
NumAliphaticHeterocycles,1323.0634651184082,0.0009171325029490917,0.008220153603951298,0.7557609078341014,4
NumAliphaticRings,640.5474309921265,0.0009573006078475221,0.0028702125644419797,0.6474658755760369,4
NumAmideBonds,1390.022712945938,0.00570389993034256,0.018991580337938387,0.9078346543778801,4
NumAromaticCarbocycles,0.0,0.0,0.0,0.10599082949308755,4
NumAromaticHeterocycles,48.62963914871216,3.3517583757858294e-05,0.0003100653661827217,0.2603688248847926,4
NumAromaticRings,247.67848920822144,0.0002861090995059046,0.0022433381362137223,0.5299542258064517,4
NumAtomStereoCenters,1160.4299323558807,0.00021973198081495782,0.00199924856758036,0.4746549124423963,4
NumBridgeheadAtoms,792.3873763084412,0.0009519644341829892,0.003822567872395544,0.6820281244239631,4
NumHAcceptors,911.0752899646759,0.0013347294378030338,0.008956418975446852,0.7972355161290322,4
NumHDonors,276.5364022254944,-4.937160266892948e-05,0.0004898142194902451,0.16589894930875576,4
NumHeteroatoms,40.38821983337402,-9.482945485861372e-06,2.9716675563439298e-05,0.09907848847926268,4
NumHeterocycles,633.0723385810852,0.001159230429972996,0.004865996892146431,0.723502732718894,4
NumRotatableBonds,1086.4641580581665,0.00018208217566296204,0.002067935695282601,0.46774245161290323,4
NumSaturatedCarbocycles,692.7536201477051,0.0015991118161398754,0.004795851409820025,0.7580649585253456,4
NumSaturatedHeterocycles,869.7986228466034,0.0008600722598772037,0.0031694037484322037,0.649770064516129,4
NumSaturatedRings,518.782968044281,0.001532752678958965,0.004585323780621515,0.7465441658986175,4
NumSpiroAtoms,345.9070129394531,3.6983309068888695e-05,0.0006861593452619437,0.31797270506912445,4
Phi,2820.746699333191,0.0007412178720485885,0.002582422077634331,0.6082955852534563,4
RingCount,34.63168978691101,5.9522077313450825e-05,0.00014063981570498155,0.2534563548387097,4
MolLogP,8722.574395179749,0.007009793180653268,0.024131136948520187,0.9216599032258065,4
MolMR,5848.973958730698,-6.01951027812464e-05,0.0019218096538505369,0.2488487465437788,4
fr_Al_COO,55.11574983596802,1.9942184572407928e-05,0.00017901825021657933,0.23502320737327187,4
fr_Al_OH,189.5327591896057,-2.005890850388936e-05,0.00036074569836673173,0.1566822811059908,4
fr_Al_OH_noTert,350.3020806312561,0.00013625482775064257,0.00036481644989466776,0.3341017465437788,4
fr_ArN,9.840940475463867,-1.1091451985245636e-06,7.038127192817529e-06,0.10599088940092166,4
fr_Ar_COO,0.0,0.0,0.0,0.10599082949308755,4
fr_Ar_N,346.5302085876465,0.0007956780721976753,0.002089600790307384,0.5806455207373272,4
fr_Ar_NH,543.5991349220276,0.0002331505601662842,0.004533160634677718,0.5944704423963133,4
fr_Ar_OH,63.37324118614197,8.257903365893604e-06,0.00019160450503111898,0.21428588479262675,4
fr_COO,0.0,0.0,0.0,0.10599082949308755,4
fr_C_O,7.537650108337402,-1.5262417628614245e-07,1.4706888951452717e-06,0.1059908801843318,4
fr_HOCCN,35.96689987182617,2.467278022894037e-06,1.684988829263471e-05,0.1635946082949309,4
fr_Imine,217.17579126358032,0.00024339393961091415,0.0006500335502667331,0.4170509677419355,4
fr_NH0,736.5143299102783,0.0005009574595632616,0.0030530613702448215,0.6036870875576036,4
fr_NH1,752.8977408409119,0.00029900854728913683,0.002041132467965093,0.5115212027649769,4
fr_NH2,8.920909881591797,-1.2883892416382104e-06,5.872409120485468e-06,0.10138258986175115,4
fr_Ndealkylation1,412.268271446228,0.00010092819456535839,0.0025506541161555195,0.4677423133640553,4
fr_Ndealkylation2,601.5065894126892,0.000651534948855792,0.0023271350262910524,0.5898621658986175,4
fr_aldehyde,9809.35233592987,0.05543441672489202,0.07950099917814808,0.976959465437788,4
fr_alkyl_carbamate,0.0,0.0,0.0,0.10599082949308755,4
fr_alkyl_halide,0.0,0.0,0.0,0.10599082949308755,4
fr_allylic_oxid,225.5209879875183,-0.00010740718766087398,0.00048307000980784827,0.14976987096774194,4
fr_amidine,152.73213148117065,8.036971011438632e-05,0.0002651715038838149,0.2811062211981567,4
fr_aniline,37.55202007293701,-2.230569917749392e-06,0.00015880453298567314,0.14285728571428571,4
fr_aryl_methyl,72.30133080482483,-3.3074877262007085e-06,6.631812705304e-05,0.10829510599078342,4
fr_benzene,0.0,0.0,0.0,0.10599082949308755,4
fr_bicyclic,1853.2637882232666,0.0013471512019259779,0.005329736187921859,0.7557609677419356,4
fr_epoxide,1509.8182706832886,0.006322240849935263,0.013242165014406391,0.8870973364055299,4
fr_ester,196.23513102531433,0.00034525926639726313,0.0007093725223712685,0.44470071889400925,4
fr_ether,295.9070701599121,0.0008606752746552094,0.005555548467536257,0.7188943502304147,4
fr_furan,258.2255690097809,9.570050298124966e-05,0.0005507284875766175,0.3364058525345622,4
fr_guanido,0.0,0.0,0.0,0.10599082949308755,4
fr_halogen,0.0,0.0,0.0,0.10599082949308755,4
fr_imidazole,206.8922998905182,0.00017352098833040008,0.000481439060077067,0.3594472718894009,4
fr_imide,74.90623998641968,-5.182169836415174e-07,7.424407931471154e-05,0.12903244700460828,4
fr_ketone,8209.968801021576,0.05015636995089896,0.06812407300258196,0.9700469907834101,4
fr_ketone_Topliss,233.12626886367798,9.141815010829112e-05,0.00047025881818800794,0.3179726405529954,4
fr_lactam,237.424489736557,0.0004756265484569422,0.0009666735647424105,0.4815671152073733,4
fr_lactone,100.43908071517944,-2.5750246286609934e-05,0.00034722886438185054,0.1520739400921659,4
fr_methoxy,73.09170961380005,1.9626108201198365e-05,6.694860689218306e-05,0.19585271428571427,4
fr_morpholine,248.1794192790985,0.00022026538254416584,0.00086752818519014,0.4239634470046083,4
fr_nitrile,74.44813060760498,9.400301049146131e-05,0.00023221583426303964,0.2857144700460829,4
fr_nitro,0.0,0.0,0.0,0.10599082949308755,4
fr_nitro_arom,0.0,0.0,0.0,0.10599082949308755,4
fr_oxazole,173.3048288822174,0.0001366265579954673,0.0012652932578623866,0.41244263594470043,4
fr_oxime,81.9119598865509,1.348635403532472e-05,0.00011769764459039147,0.20737347004608295,4
fr_para_hydroxylation,0.0,0.0,0.0,0.10599082949308755,4
fr_phenol,0.0,0.0,0.0,0.10599082949308755,4
fr_phenol_noOrthoHbond,0.0,0.0,0.0,0.10599082949308755,4
fr_piperdine,522.7724711894989,-5.959904105546365e-05,0.0021629497546894736,0.27419394009216586,4
fr_piperzine,123.71871137619019,-8.455207242528684e-05,0.0006113457789993248,0.17050712442396312,4
fr_priamide,42.71165990829468,4.639158601021376e-05,0.00017701790133230495,0.2534563778801843,4
fr_pyridine,242.40080976486206,0.00020330928669718418,0.0012435500625289078,0.4262675852534562,4
fr_quatN,0.0,0.0,0.0,0.10599082949308755,4
fr_term_acetylene,0.0,0.0,0.0,0.10599082949308755,4
fr_tetrazole,196.39909100532532,-4.8054132808184044e-05,0.00028708991125464306,0.13364081566820277,4
fr_unbrch_alkane,6.811709880828857,-2.2614546174581916e-08,9.59154409977828e-07,0.10599087557603687,4
fr_urea,290.902530670166,-1.3627130577426039e-05,7.830476021963144e-05,0.11059941474654379,4
cnt_C,141.05117988586426,9.746597459570073e-06,0.00015670855605354466,0.2096776405529954,4
cnt_N,1007.6072273254395,0.0065173263664614015,0.013617016821984991,0.894009723502304,4
cnt_O,176.9995493888855,9.657971372445395e-06,7.16850434206024e-05,0.18663618894009215,4
cnt_H,2398.9112038612366,0.004124189248776033,0.016463272496909594,0.8917057050691244,4
n_total_atoms,735.8059208393097,-7.420147341113958e-06,0.0003255671478526698,0.16359491705069124,4
fc_abs_sum,18.267509937286377,-1.923145652316105e-05,0.0003654812627229146,0.16359458064516127,4
n_aromatic_atom,548.2239446640015,0.002108795457516177,0.013067844073807018,0.8433183732718894,4
n_ring_atom,978.7846865653992,0.002085476662793978,0.0026182316495499173,0.6958530368663595,4
n_sp,40.75152063369751,2.1551049158147206e-05,4.6135650893108425e-05,0.1981568341013825,4
n_sp2,94661.2880153656,0.37420453482200544,0.5903102725862973,1.000001,4
n_sp3,424.97650241851807,3.222295907248651e-05,0.0022967768864466088,0.41013863133640555,4
n_deg1,320.0970106124878,1.9723887645706206e-05,0.0003796029883660505,0.26728145161290323,4
n_deg2,1143.239109992981,4.596964887636501e-05,0.0004602640058099327,0.2926272534562212,4
n_deg3,1334.5194747447968,0.00011635633471867024,0.0026236961920008003,0.4884798064516129,4
n_deg4,368.2911288738251,0.00014052272213522788,0.0009396217671895465,0.3986178801843318,4
n_pos_charge,0.0,0.0,0.0,0.10599082949308755,4
n_bonds,172.36486077308655,0.00020827391865149703,0.001215543202162691,0.4308758110599078,4
n_single,217.3766896724701,3.837254072106555e-05,0.00015019600597976484,0.23963161751152073,4
n_double,1922.9732904434204,0.007864697731824017,0.019690157605035494,0.9262678894009216,4
n_triple,0.0,0.0,0.0,0.10599082949308755,4
n_arom_bond,0.0,0.0,0.0,0.10599082949308755,4
n_conj_bond,15550.112435817719,0.15649809220102853,0.1709111437969856,0.9953926958525345,4
n_ring_bond,637.8049714565277,0.0001457201432592259,0.002014266813143976,0.4516133364055299,4
max_ring_size,2488.292138814926,0.006593079605510787,0.027990077967404835,0.9239637741935484,4
n_carbo_ring,33.730050563812256,1.2431823318170831e-06,0.00011303258974523503,0.1889402211981567,4
ring_3,747.9857544898987,0.00027518963558568755,0.0016804614101296857,0.4861755760368663,4
ring_4,743.6782505512238,0.001113090540381756,0.002681474185904551,0.65437833640553,4
ring_5,1151.4838066101074,0.0012321443671646781,0.00490802679288602,0.7350235714285714,4
ring_6,382.3650691509247,0.00012579499541617856,0.0007723099455626416,0.38018470506912444,4
ring_7,24.35824966430664,8.163849034353854e-06,6.748498518528065e-05,0.17741947004608297,4
ring_8,77.21677947044373,4.4298683442650646e-05,0.0002997581029245365,0.2672812995391705,4
r_hetero,210.65992975234985,9.759431288524079e-05,0.0005974151984338446,0.34101409677419353,4
r_aromatic_atom,131.08054113388062,1.9090010298833392e-05,0.00025194798062822855,0.2373274055299539,4
r_ring_atom,974.1498911380768,0.00023308746282290626,0.0009243062439694436,0.43087607373271886,4
r_sp,92.64816045761108,1.844866018466118e-05,8.121324983423854e-05,0.2027651797235023,4
r_sp2,783.7860176563263,0.001318162013707863,0.0021038398998664007,0.6290327281105991,4
r_sp3,1071.4392280578613,0.0003132627390283027,0.003217603881400563,0.5829498202764978,4
r_double,1533.182611465454,0.0009917926561431422,0.006256329462479742,0.7396319032258064,4
r_triple,254.65228962898254,7.134101965478035e-05,0.00019687280799517804,0.2718897188940092,4
r_arom_bond,31.643680572509766,5.609901111183202e-05,0.0005008223116432187,0.3133641797235023,4
r_conj_bond,9999.103539705276,0.023012679858829693,0.03635962593538344,0.9585262949308755,4
r_multiple,6389.452981710434,0.0644881153250024,0.08595758162942192,0.9815676728110598,4
